Data,Otwarcie,Najwyzszy,Najnizszy,Zamkniecie
2016-12-28,1.05,1.13,1.04,1.12
2016-12-29,1.12,1.5,1.1,1.4
2016-12-30,1.4,1.65,1.4,1.51
2016-12-31,1.51,1.57,1.33,1.45
2017-01-01,1.45,1.5,1.33,1.4
2017-01-02,1.4,1.45,1.35,1.43
2017-01-03,1.43,1.57,1.4,1.48
2017-01-04,1.48,1.76,1.43,1.74
2017-01-05,1.74,1.85,1.4,1.59
2017-01-06,1.59,1.64,1.41,1.51
2017-01-07,1.51,1.52,1.26,1.43
2017-01-08,1.43,1.49,1.42,1.44
2017-01-09,1.44,1.47,1.39,1.39
2017-01-10,1.39,1.45,1.39,1.43
2017-01-11,1.43,1.44,1.16,1.28
2017-01-12,1.28,1.28,1.14,1.24
2017-01-13,1.24,1.27,1.17,1.22
2017-01-14,1.22,1.24,1.2,1.22
2017-01-15,1.22,1.22,1.17,1.2
2017-01-16,1.2,1.2,1.18,1.19
2017-01-17,1.19,1.24,1.17,1.21
2017-01-18,1.21,1.23,1.18,1.21
2017-01-19,1.21,1.22,1.16,1.17
2017-01-20,1.17,1.4,1.15,1.34
2017-01-21,1.34,1.45,1.25,1.42
2017-01-22,1.42,1.47,1.33,1.37
2017-01-23,1.37,1.4,1.37,1.4
2017-01-24,1.4,1.4,1.36,1.37
2017-01-25,1.37,1.38,1.1,1.28
2017-01-26,1.28,1.36,1.28,1.33
2017-01-27,1.33,1.35,1.27,1.28
2017-01-28,1.28,1.31,1.28,1.31
2017-01-29,1.31,1.31,1.29,1.29
2017-01-30,1.29,1.34,1.29,1.34
2017-01-31,1.34,1.37,1.33,1.36
2017-02-01,1.36,1.39,1.34,1.35
2017-02-02,1.35,1.37,1.34,1.36
2017-02-03,1.36,1.37,1.31,1.33
2017-02-04,1.33,1.39,1.33,1.38
2017-02-05,1.38,1.38,1.34,1.37
2017-02-06,1.37,1.48,1.37,1.45
2017-02-07,1.45,1.51,1.42,1.46
2017-02-08,1.46,1.49,1.4,1.43
2017-02-09,1.43,1.5,1.2,1.28
2017-02-10,1.28,1.4,1.22,1.26
2017-02-11,1.26,1.3,1.23,1.23
2017-02-12,1.23,1.24,1.21,1.22
2017-02-13,1.22,1.23,1.15,1.19
2017-02-14,1.19,1.26,1.19,1.25
2017-02-15,1.25,1.28,1.25,1.26
2017-02-16,1.26,1.27,1.23,1.23
2017-02-17,1.23,1.26,1.23,1.23
2017-02-18,1.23,1.25,1.2,1.22
2017-02-19,1.22,1.24,1.22,1.22
2017-02-20,1.22,1.24,1.22,1.22
2017-02-21,1.22,1.26,1.21,1.26
2017-02-22,1.26,1.39,1.22,1.22
2017-02-23,1.22,1.24,1.2,1.22
2017-02-24,1.22,1.25,1.2,1.21
2017-02-25,1.21,1.22,1.18,1.21
2017-02-26,1.21,1.24,1.18,1.24
2017-02-27,1.24,1.26,1.22,1.24
2017-02-28,1.24,1.26,1.21,1.23
2017-03-01,1.23,1.43,1.22,1.39
2017-03-02,1.39,1.4,1.33,1.37
2017-03-03,1.37,1.44,1.32,1.44
2017-03-04,1.44,1.46,1.39,1.43
2017-03-05,1.43,1.44,1.35,1.37
2017-03-06,1.37,1.44,1.37,1.44
2017-03-07,1.44,1.44,1.34,1.38
2017-03-08,1.38,1.38,1.28,1.28
2017-03-09,1.28,1.34,1.25,1.32
2017-03-10,1.32,1.39,1.21,1.27
2017-03-11,1.27,1.38,1.27,1.38
2017-03-12,1.38,1.43,1.34,1.41
2017-03-13,1.41,1.65,1.35,1.64
2017-03-14,1.64,1.78,1.61,1.65
2017-03-15,1.65,1.8,1.5,1.77
2017-03-16,1.77,2.1,1.7,2.08
2017-03-17,2.08,2.17,1.66,1.73
2017-03-18,1.73,1.78,1.55,1.62
2017-03-19,1.62,2,1.62,1.94
2017-03-20,1.94,1.95,1.82,1.87
2017-03-21,1.87,2.39,1.87,2.38
2017-03-22,2.38,2.46,2.01,2.28
2017-03-23,2.28,2.36,2.1,2.24
2017-03-24,2.24,2.45,2.23,2.41
2017-03-25,2.41,2.42,2.21,2.21
2017-03-26,2.21,2.34,2.21,2.28
2017-03-27,2.28,2.31,1.85,2.1
2017-03-28,2.1,2.33,2.08,2.24
2017-03-29,2.24,2.38,1.9,2.32
2017-03-30,2.32,3.15,2.26,2.85
2017-03-31,2.85,3,2.58,2.83
2017-04-01,2.83,2.85,2.71,2.75
2017-04-02,2.75,2.82,2.51,2.69
2017-04-03,2.69,2.75,2.48,2.57
2017-04-04,2.57,2.71,2.55,2.66
2017-04-05,2.66,2.82,2.63,2.75
2017-04-06,2.75,2.83,2.45,2.67
2017-04-07,2.67,2.75,2.57,2.75
2017-04-08,2.75,2.81,2.66,2.72
2017-04-09,2.72,2.73,2.59,2.66
2017-04-10,2.66,2.66,2.54,2.64
2017-04-11,2.64,2.64,2.56,2.57
2017-04-12,2.57,2.7,2.52,2.63
2017-04-13,2.63,2.68,2.57,2.61
2017-04-14,2.61,2.71,2.55,2.63
2017-04-15,2.63,2.69,2.6,2.69
2017-04-16,2.69,2.69,2.58,2.59
2017-04-17,2.59,2.64,2.56,2.58
2017-04-18,2.58,2.92,2.58,2.82
2017-04-19,2.82,3.3,2.75,3.09
2017-04-20,3.09,3.4,3.02,3.21
2017-04-21,3.21,3.33,3,3.14
2017-04-22,3.14,3.23,3.12,3.18
2017-04-23,3.18,3.52,3.12,3.5
2017-04-24,3.5,4.14,3.5,4.03
2017-04-25,4.03,4.14,3.8,3.9
2017-04-26,3.9,4.74,3.88,4.6
2017-04-27,4.6,5.17,4.59,5
2017-04-28,5,5.19,4.61,4.92
2017-04-29,4.92,5.5,4.76,5.5
2017-04-30,5.5,6.53,5.34,6.38
2017-05-01,6.38,7.63,5.95,6.63
2017-05-02,6.63,6.9,6.03,6.41
2017-05-03,6.41,6.85,6.35,6.71
2017-05-04,6.71,7.45,6.66,7.37
2017-05-05,7.37,7.5,6.78,7.05
2017-05-06,7.05,7.17,6.63,6.88
2017-05-07,6.88,7.27,5.17,6.54
2017-05-08,6.54,6.8,6.17,6.3
2017-05-09,6.3,6.3,5,6.1
2017-05-10,6.1,6.83,5.9,6.42
2017-05-11,6.42,6.63,6,6.28
2017-05-12,6.28,6.45,5.95,5.95
2017-05-13,5.95,6.1,5.61,5.93
2017-05-14,5.93,6.87,5.93,6.61
2017-05-15,6.61,6.65,6.16,6.2
2017-05-16,6.2,6.31,5.8,6.09
2017-05-17,6.09,6.15,5.53,5.71
2017-05-18,5.71,6.87,5.71,6.55
2017-05-19,6.55,7.68,6.35,7.4
2017-05-20,7.4,7.68,6.9,6.9
2017-05-21,6.9,7.96,6.65,7.96
2017-05-22,7.96,9.26,7.67,8.4
2017-05-23,8.4,10.74,8.22,10.74
2017-05-24,10.74,18.75,10.51,18.3
2017-05-25,18.3,23,14.8,15.72
2017-05-26,15.72,18,12.5,14.45
2017-05-27,14.45,15.37,9.5,14.7
2017-05-28,14.7,17,13.3,15.7
2017-05-29,15.7,16.95,14.5,16.37
2017-05-30,16.37,17.75,15.63,17.4
2017-05-31,17.4,17.78,15.6,16.72
2017-06-01,16.72,17.41,15.75,16.08
2017-06-02,16.08,16.95,16.08,16.61
2017-06-03,16.61,17,15.85,15.93
2017-06-04,15.93,17.4,15.61,17.28
2017-06-05,17.28,17.4,16.56,17.07
2017-06-06,17.07,17.8,16.4,17.17
2017-06-07,17.17,18.71,16.68,17.1
2017-06-08,17.1,17.56,16.65,17.28
2017-06-09,17.28,17.71,17.01,17.23
2017-06-10,17.23,19,17.11,19
2017-06-11,19,22.27,17.2,21.58
2017-06-12,21.58,22.3,15.6,19.44
2017-06-13,19.44,20.6,19,20.14
2017-06-14,20.14,20.94,16.19,17.7
2017-06-15,17.7,17.98,13.5,17.15
2017-06-16,17.15,17.75,16.15,17.24
2017-06-17,17.24,22.7,16.92,21.98
2017-06-18,21.98,23.8,19.5,20.27
2017-06-19,20.27,22.4,20,21.5
2017-06-20,21.5,21.59,19.72,20.63
2017-06-21,20.63,21.04,17.69,19.17
2017-06-22,19.17,19.65,18.4,19.35
2017-06-23,19.35,20.07,19.25,19.75
2017-06-24,19.75,19.75,17.77,18.34
2017-06-25,18.34,21.27,17.45,18.42
2017-06-26,18.42,19.75,14.79,17.65
2017-06-27,17.65,18.36,15.05,18.2
2017-06-28,18.2,19.22,17,18.73
2017-06-29,18.73,18.92,17.58,17.75
2017-06-30,17.75,18.56,17.01,17.4
2017-07-01,17.4,17.55,15.86,16.5
2017-07-02,16.5,17.59,15.95,17.44
2017-07-03,17.44,17.91,16.82,17.19
2017-07-04,17.19,18.16,17.11,17.4
2017-07-05,17.4,17.58,16.82,17.34
2017-07-06,17.34,17.76,17,17.56
2017-07-07,17.56,17.7,15.61,16.08
2017-07-08,16.08,16.38,14.5,16.28
2017-07-09,16.28,16.8,15.56,15.56
2017-07-10,15.56,17.3,13.44,14.2
2017-07-11,14.2,15.41,12,14.03
2017-07-12,14.03,19.5,13.18,18.75
2017-07-13,18.75,19.8,16.27,17.55
2017-07-14,17.55,17.93,16,17
2017-07-15,17,17,14.59,14.66
2017-07-16,14.66,15.3,12.77,13.92
2017-07-17,13.92,15.42,13.83,15.02
2017-07-18,15.02,16.38,14.5,15.67
2017-07-19,15.67,16.09,13.67,14.14
2017-07-20,14.14,16.18,14.14,16.11
2017-07-21,16.11,17.61,15.73,15.95
2017-07-22,15.95,17,15.93,16.81
2017-07-23,16.81,16.93,15.55,16.09
2017-07-24,16.09,16.37,15.8,15.95
2017-07-25,15.95,16.04,13.59,14.66
2017-07-26,14.66,14.9,14.02,14.61
2017-07-27,14.61,14.74,14.25,14.46
2017-07-28,14.46,14.63,13.73,13.97
2017-07-29,13.97,14.48,13.27,14.26
2017-07-30,14.26,14.45,13.58,13.85
2017-07-31,13.85,14.07,13.32,13.74
2017-08-01,13.74,14.85,13.46,14.58
2017-08-02,14.58,15.31,14.26,14.52
2017-08-03,14.52,15.35,14.29,15.29
2017-08-04,15.29,15.37,14.77,14.97
2017-08-05,14.97,15.92,14.76,15.57
2017-08-06,15.57,16.11,15.36,15.57
2017-08-07,15.57,15.58,14.55,15.29
2017-08-08,15.29,16.06,15.14,16.05
2017-08-09,16.05,16.46,15.15,15.34
2017-08-10,15.34,15.71,15.16,15.21
2017-08-11,15.21,15.53,14.87,15.16
2017-08-12,15.16,15.31,14.44,14.65
2017-08-13,14.65,14.66,13.78,14.12
2017-08-14,14.12,14.52,13.77,13.98
2017-08-15,13.98,14.07,13.07,13.42
2017-08-16,13.42,14.38,13.17,14.08
2017-08-17,14.08,14.25,13.57,13.83
2017-08-18,13.83,14.37,12.51,13.44
2017-08-19,13.44,13.96,13.04,13.51
2017-08-20,13.51,14.18,13.27,13.76
2017-08-21,13.76,15.12,13.72,14.66
2017-08-22,14.66,15.11,13.37,14.41
2017-08-23,14.41,16.65,14.19,15.28
2017-08-24,15.28,15.99,15.04,15.13
2017-08-25,15.13,15.58,14.99,15.15
2017-08-26,15.15,15.33,14.87,15.28
2017-08-27,15.28,16.35,15.15,16.01
2017-08-28,16.01,16.41,15.52,15.74
2017-08-29,15.74,16.1,15.56,15.93
2017-08-30,15.93,16.06,15.73,15.96
2017-08-31,15.96,16.91,15.89,16.78
2017-09-01,16.78,22.89,16.31,22.42
2017-09-02,22.42,24.24,18.25,19.88
2017-09-03,19.88,20.79,18.32,19.18
2017-09-04,19.18,19.22,15.87,16.44
2017-09-05,16.44,17.44,15.39,17.08
2017-09-06,17.08,19.39,17.05,19.26
2017-09-07,19.26,19.32,17.98,18.51
2017-09-08,18.51,18.72,15.91,16.75
2017-09-09,16.75,16.75,15.39,16.32
2017-09-10,16.32,16.33,14.27,15.23
2017-09-11,15.23,16.01,14.83,15.22
2017-09-12,15.22,16.19,14.83,15.01
2017-09-13,15.01,15.04,13.51,14.11
2017-09-14,14.11,14.48,10.18,10.18
2017-09-15,10.18,12.26,8.47,11.4
2017-09-16,11.4,12.29,10.78,11.19
2017-09-17,11.19,11.4,10.26,11.03
2017-09-18,11.03,12.2,11.03,12.06
2017-09-19,12.06,12.25,11.28,11.54
2017-09-20,11.54,11.75,11.15,11.27
2017-09-21,11.27,11.29,10.01,10.04
2017-09-22,10.04,10.61,9.8,10.15
2017-09-23,10.15,10.86,10.03,10.58
2017-09-24,10.58,10.72,10.26,10.41
2017-09-25,10.41,11.14,10.39,11
2017-09-26,11,12.19,10.8,11.49
2017-09-27,11.49,13.3,11.43,12.96
2017-09-28,12.96,13.95,12.66,13.24
2017-09-29,13.24,13.74,12.13,12.7
2017-09-30,12.7,13.51,12.66,13.23
2017-10-01,13.23,13.24,12.62,12.92
2017-10-02,12.92,12.98,12.4,12.43
2017-10-03,12.43,12.54,11.78,12.29
2017-10-04,12.29,12.39,11.78,11.79
2017-10-05,11.79,12.08,11.51,11.91
2017-10-06,11.91,12.41,11.9,12.33
2017-10-07,12.33,12.55,12.04,12.37
2017-10-08,12.37,12.58,12.11,12.11
2017-10-09,12.11,12.17,10.94,11.43
2017-10-10,11.43,11.69,11.26,11.41
2017-10-11,11.41,11.53,11.27,11.45
2017-10-12,11.45,11.97,11.35,11.73
2017-10-13,11.73,12.39,11.31,12.05
2017-10-14,12.05,12.5,11.87,12.19
2017-10-15,12.19,12.48,11.54,11.96
2017-10-16,11.96,12.19,11.81,11.93
2017-10-17,11.93,12.49,11.6,11.86
2017-10-18,11.85,11.85,10.66,11.45
2017-10-19,11.45,11.51,11.12,11.29
2017-10-20,11.29,11.46,11.1,11.12
2017-10-21,11.09,11.26,10.64,10.84
2017-10-22,10.84,11.18,10.5,10.67
2017-10-23,10.66,10.66,9.66,10.05
2017-10-24,10.05,11.07,9.61,10.44
2017-10-25,10.44,10.57,10.12,10.47
2017-10-26,10.47,10.65,10.27,10.35
2017-10-27,10.38,10.61,9.8,10.28
2017-10-28,10.29,10.49,9.97,10.38
2017-10-29,10.37,11.09,10.37,10.83
2017-10-30,10.83,10.99,10.72,10.8
2017-10-31,10.81,10.88,10.51,10.52
2017-11-01,10.5,10.61,10.11,10.11
2017-11-02,10.11,10.24,9.43,10.03
2017-11-03,9.98,12.56,9.95,12.49
2017-11-04,12.34,12.51,11.27,11.77
2017-11-05,11.77,14.22,11.56,13.1
2017-11-06,13.1,15.24,12.94,13.84
2017-11-07,13.84,14.68,13.15,13.52
2017-11-08,13.51,14.2,13.45,13.9
2017-11-09,13.89,14.51,13.77,14.04
2017-11-10,14.04,15.37,13.51,14.39
2017-11-11,14.39,19.43,14.32,19.19
2017-11-12,19.19,21.35,14.45,14.67
2017-11-13,14.67,16.37,14.11,15.85
2017-11-14,15.85,18.42,15.83,17.37
2017-11-15,17.37,17.82,16.55,17.14
2017-11-16,17.14,17.19,16.11,16.84
2017-11-17,16.84,17.69,16.48,17.1
2017-11-18,17.1,18.17,16.73,17.62
2017-11-19,17.61,18.13,17.5,17.97
2017-11-20,17.97,18.87,17.91,18.48
2017-11-21,18.48,18.68,17.07,17.66
2017-11-22,17.66,18.17,17.6,17.98
2017-11-23,17.98,18.79,17.61,17.98
2017-11-24,17.98,21.24,17.61,21.01
2017-11-25,21,22.62,19.98,21.31
2017-11-26,21.31,21.85,20.63,21.64
2017-11-27,21.65,25.74,20.89,24.69
2017-11-28,24.69,32.79,24.54,31.42
2017-11-29,31.41,31.69,22.5,24.28
2017-11-30,24.28,27.08,21.66,26.1
2017-12-01,26.1,30.17,24.18,29.64
2017-12-02,29.62,30.71,28.13,28.89
2017-12-03,28.89,30.88,27.71,28.93
2017-12-04,28.93,29.65,27.47,29.25
2017-12-05,29.24,29.36,27.81,28.01
2017-12-06,27.98,28.17,23.85,24.95
2017-12-07,24.95,27.28,23.17,23.32
2017-12-08,23.31,27.64,22.13,27.58
2017-12-09,27.58,31.19,24.8,27.51
2017-12-10,27.51,27.75,23.35,25.27
2017-12-11,25.27,28.49,25.23,26.64
2017-12-12,26.64,31.9,26.58,29.2
2017-12-13,29.2,33.29,26.47,29
2017-12-14,28.99,33.58,28.79,31.3
2017-12-15,31.3,32.2,27.23,31.46
2017-12-16,31.46,37.57,30.3,33.76
2017-12-17,33.76,35.8,33.35,34.02
2017-12-18,34.02,40.87,31.34,38.04
2017-12-19,38.06,42.96,35.88,37.4
2017-12-20,37.4,41.33,34.2,38.93
2017-12-21,38.94,42.65,35.28,36.97
2017-12-22,36.97,37.39,18.53,27.23
2017-12-23,27.23,31.41,27.01,28.44
2017-12-24,28.44,28.77,23.67,27.47
2017-12-25,27.47,29.45,26.69,28.58
2017-12-26,28.58,30.46,28.53,29.99
2017-12-27,29.99,30.74,27.59,28.78
2017-12-28,28.78,28.95,25.18,26.89
2017-12-29,26.89,28.63,25.96,27.38
2017-12-30,27.35,27.37,22.77,23.84
2017-12-31,23.84,26.61,23.62,26.05
2018-01-01,26.05,31.69,25.24,29.23
2018-01-02,29.23,34.38,29.23,31.87
2018-01-03,31.87,33.77,30.1,33.11
2018-01-04,33.11,37.08,30.74,33.77
2018-01-05,33.77,35.25,30.55,31.16
2018-01-06,31.16,34.64,30.93,34
2018-01-07,34,36.07,33.95,35.45
2018-01-08,35.46,38.5,28.4,33.81
2018-01-09,33.81,38.46,31.18,37.5
2018-01-10,37.5,38.85,33.71,36.42
2018-01-11,36.42,37.71,30.14,32.4
2018-01-12,32.4,36.78,31.11,35.9
2018-01-13,35.9,42.52,35.14,42.33
2018-01-14,42.33,46.96,39.32,42.55
2018-01-15,42.55,43.68,39.81,40.01
2018-01-16,40.01,40.24,22.46,27.85
2018-01-17,27.85,30.43,22.12,29.01
2018-01-18,29.01,32.57,27.58,29.59
2018-01-19,29.59,33.86,28.4,31.65
2018-01-20,31.66,35.54,31.65,34.95
2018-01-21,34.95,36.13,28.94,30.36
2018-01-22,30.36,32.75,26.55,29.18
2018-01-23,29.18,30.31,26.19,28.2
2018-01-24,28.2,30.33,27.85,29.67
2018-01-25,29.67,30.32,28.61,29.09
2018-01-26,29.09,29.56,26.55,27.85
2018-01-27,27.84,30.25,27.83,30.09
2018-01-28,30.05,33.82,29.38,32.87
2018-01-29,32.88,33.17,30.36,30.7
2018-01-30,30.7,31.34,26.71,27.64
2018-01-31,27.63,28.3,26,27.9
2018-02-01,27.9,28.84,23.8,24.74
2018-02-02,24.72,25.26,18.61,23.01
2018-02-03,23.05,24.91,20.83,24.08
2018-02-04,24.07,24.8,19.72,21.38
2018-02-05,21.38,21.39,15.7,16.36
2018-02-06,16.42,19.34,14.04,18.73
2018-02-07,18.73,20.47,17.32,18.85
2018-02-08,18.85,21.9,18.09,21.47
2018-02-09,21.47,26.19,20.85,25.25
2018-02-10,25.23,26.22,22.49,24.02
2018-02-11,24.02,25.78,21.03,24.98
2018-02-12,25.02,29.99,23.67,29.92
2018-02-13,29.91,34.11,27.83,33.01
2018-02-14,33.08,35.84,32.36,34.08
2018-02-15,34.07,35.37,31.99,33.97
2018-02-16,33.98,34.93,32.21,34.74
2018-02-17,34.74,35.01,33.88,34.65
2018-02-18,34.65,34.89,30.7,34.19
2018-02-19,34.18,39.23,33.18,38.61
2018-02-20,38.58,42.82,36.82,37.12
2018-02-21,37.16,38.41,32.99,34.95
2018-02-22,34.93,35.95,30.22,31.66
2018-02-23,31.64,36.68,30.23,36.14
2018-02-24,36.14,38.89,34.55,36.12
2018-02-25,36.11,36.89,33.67,35.68
2018-02-26,35.7,36.38,33.44,35.45
2018-02-27,35.45,37.14,34.72,36.05
2018-02-28,36.06,36.25,32.94,33.08
2018-03-01,33.08,34.75,31.62,33.77
2018-03-02,33.77,33.9,30.06,31.03
2018-03-03,31.04,31.84,28.35,28.76
2018-03-04,28.76,31.06,28.69,29.02
2018-03-05,29.03,30.19,26.31,26.92
2018-03-06,26.92,27.26,24.88,25.21
2018-03-07,25.15,25.28,20.45,21.99
2018-03-08,21.98,24.88,20.91,22.24
2018-03-09,22.26,22.87,20.09,22
2018-03-10,22.01,22.73,20.46,20.81
2018-03-11,20.8,21.75,19.65,21.45
2018-03-12,21.44,21.72,19.87,20.21
2018-03-13,20.21,20.82,19.57,19.85
2018-03-14,19.85,20.24,16,16.87
2018-03-15,16.88,19.54,15.74,18.54
2018-03-16,18.53,18.53,17.15,18.14
2018-03-17,18.15,18.21,16.01,16.59
2018-03-18,16.59,17.06,14.37,16.57
2018-03-19,16.57,18.91,16.22,18.83
2018-03-20,18.83,20.95,17.8,20.21
2018-03-21,20.21,21.4,19.14,19.24
2018-03-22,19.24,20.6,18.37,19.53
2018-03-23,19.56,19.81,17.95,18.62
2018-03-24,18.63,19.32,18.35,18.48
2018-03-25,18.47,18.57,17.86,18.32
2018-03-26,18.32,18.38,15.39,15.61
2018-03-27,15.61,17.19,15.26,16.44
2018-03-28,16.44,16.79,15.7,15.96
2018-03-29,15.95,16.34,14.53,14.79
2018-03-30,14.82,15.21,13.81,14.53
2018-03-31,14.53,14.88,14.07,14.33
2018-04-01,14.33,14.51,13.08,13.65
2018-04-02,13.65,14.29,13.48,13.91
2018-04-03,13.91,15.21,13.89,15.07
2018-04-04,15.07,15.09,13.39,13.66
2018-04-05,13.66,13.72,13.17,13.53
2018-04-06,13.53,13.83,13.02,13.13
2018-04-07,13.13,13.83,13.03,13.64
2018-04-08,13.64,14.52,13.39,14.14
2018-04-09,14.14,14.52,13.28,13.53
2018-04-10,13.53,13.75,13.3,13.74
2018-04-11,13.74,14.1,13.6,14.02
2018-04-12,14.02,15.98,13.73,15.83
2018-04-13,15.85,16.76,15.59,15.86
2018-04-14,15.84,16.45,15.5,16.21
2018-04-15,16.21,16.94,16,16.7
2018-04-16,16.7,16.93,15.62,15.97
2018-04-17,15.97,16.85,15.94,16.16
2018-04-18,16.16,17.82,16.04,17.82
2018-04-19,17.86,18.38,17.49,18.23
2018-04-20,18.23,19.39,17.91,19.31
2018-04-21,19.27,19.99,17.54,18.46
2018-04-22,18.46,19.46,18.26,19.13
2018-04-23,19.13,20.89,18.64,20.44
2018-04-24,20.44,22.84,20.4,22.5
2018-04-25,22.5,22.85,18.1,19.72
2018-04-26,19.72,21.16,18.13,20.93
2018-04-27,20.94,21.96,20.05,20.45
2018-04-28,20.45,22.37,20.4,21.61
2018-04-29,21.62,22.35,20.37,21.71
2018-04-30,21.71,22.97,21.46,21.68
2018-05-01,21.68,21.79,20.43,21.34
2018-05-02,21.34,21.82,20.99,21.71
2018-05-03,21.73,23.49,21.46,22.92
2018-05-04,22.92,23.36,21.68,22.52
2018-05-05,22.52,23.21,22.32,22.67
2018-05-06,22.67,25.46,22.59,24.4
2018-05-07,24.4,25.7,22.36,23.48
2018-05-08,23.48,23.7,21.92,22.41
2018-05-09,22.41,22.63,20.18,21.37
2018-05-10,21.37,21.71,20.02,20.15
2018-05-11,20.16,20.27,16.95,17.51
2018-05-12,17.51,18.48,16.37,17.86
2018-05-13,17.86,19.07,17.67,18.74
2018-05-14,18.74,19.16,17.38,18.66
2018-05-15,18.66,19.88,18.17,18.3
2018-05-16,18.3,18.46,16.82,17.46
2018-05-17,17.46,18.31,17.13,17.13
2018-05-18,17.13,18.15,16.57,17.94
2018-05-19,17.94,18.08,17.45,17.5
2018-05-20,17.5,18.32,17.48,18.23
2018-05-21,18.23,18.27,17.42,17.63
2018-05-22,17.63,17.69,16.55,16.56
2018-05-23,16.56,16.56,14.48,15.27
2018-05-24,15.26,15.57,14.27,15.38
2018-05-25,15.38,15.74,14.82,14.9
2018-05-26,14.9,15.78,14.73,15.43
2018-05-27,15.42,15.43,14.94,15.06
2018-05-28,15.06,15.54,14.38,14.4
2018-05-29,14.4,15.48,14.12,15.32
2018-05-30,15.32,15.52,14.72,15.01
2018-05-31,15.01,15.54,15.01,15.38
2018-06-01,15.38,15.47,15.1,15.24
2018-06-02,15.24,16.13,15.23,15.82
2018-06-03,15.82,16.44,15.77,16.15
2018-06-04,16.15,16.36,15.08,15.28
2018-06-05,15.28,15.51,14.75,15.33
2018-06-06,15.33,15.63,14.91,15.25
2018-06-07,15.25,15.44,15.11,15.16
2018-06-08,15.16,15.63,15.08,15.49
2018-06-09,15.49,15.53,15.09,15.17
2018-06-10,15.17,15.17,12.03,12.21
2018-06-11,12.21,13,12.09,12.61
2018-06-12,12.62,16.27,12.61,14.65
2018-06-13,14.63,14.88,12.91,13.83
2018-06-14,13.81,14.32,13.13,14.08
2018-06-15,14.08,14.11,13.58,13.81
2018-06-16,13.81,14.82,13.59,14.56
2018-06-17,14.56,14.63,14.18,14.3
2018-06-18,14.3,15.58,14,15.14
2018-06-19,15.14,15.9,14.95,15.38
2018-06-20,15.38,16.68,14.83,16.56
2018-06-21,16.57,17.85,16.43,17.67
2018-06-22,17.67,17.82,14.16,14.48
2018-06-23,14.48,15.09,14.19,14.97
2018-06-24,14.97,15.32,13.16,14.9
2018-06-25,14.9,16.02,14.66,15.96
2018-06-26,15.98,16,15.26,15.67
2018-06-27,15.67,15.69,14.17,15.33
2018-06-28,15.33,15.69,14.51,14.56
2018-06-29,14.56,14.92,14.22,14.8
2018-06-30,14.8,16.87,14.79,15.88
2018-07-01,15.88,16.43,15.55,15.96
2018-07-02,15.96,17.07,15.63,16.85
2018-07-03,16.85,17.16,16.2,16.48
2018-07-04,16.48,17.49,15.76,17.21
2018-07-05,17.21,17.39,16.71,16.87
2018-07-06,16.87,18.48,16.84,18.23
2018-07-07,18.23,18.42,17.46,17.68
2018-07-08,17.68,18.97,17.66,18.59
2018-07-09,18.59,18.72,18.14,18.44
2018-07-10,18.45,18.69,16.48,16.68
2018-07-11,16.68,16.75,15.71,16.29
2018-07-12,16.29,16.46,15.71,15.95
2018-07-13,15.95,16.77,15.75,16.21
2018-07-14,16.21,16.71,16.09,16.5
2018-07-15,16.5,16.92,16.26,16.85
2018-07-16,16.83,17.54,16.56,17.29
2018-07-17,17.29,18.23,16.93,17.99
2018-07-18,18.01,18.38,17.12,17.39
2018-07-19,17.39,17.8,17.1,17.29
2018-07-20,17.29,17.63,15.74,15.91
2018-07-21,15.91,16.55,15.85,16.36
2018-07-22,16.36,16.54,16.09,16.09
2018-07-23,16.09,16.76,15.87,16.05
2018-07-24,16.05,16.84,15.75,16.53
2018-07-25,16.53,16.85,16.13,16.64
2018-07-26,16.64,17.44,16.3,16.57
2018-07-27,16.59,17.2,16.35,17.16
2018-07-28,17.16,17.17,16.62,16.87
2018-07-29,16.87,17.06,16.68,16.83
2018-07-30,16.83,17.38,16.61,17.09
2018-07-31,17.09,17.2,16.47,16.58
2018-08-01,16.58,16.58,14.97,15
2018-08-02,15,15.56,14.56,14.93
2018-08-03,14.92,16.94,14.13,16.82
2018-08-04,16.79,16.91,15.85,16.21
2018-08-05,16.21,17.8,16.21,17.79
2018-08-06,17.79,18.57,17.16,18.04
2018-08-07,18.04,20.98,16.83,17.33
2018-08-08,17.35,17.36,14.55,14.63
2018-08-09,14.63,15.4,14.34,15.21
2018-08-10,15.19,15.35,14.12,14.21
2018-08-11,14.21,14.34,12.4,13.51
2018-08-12,13.51,13.85,12.84,13.32
2018-08-13,13.32,13.44,12.42,12.43
2018-08-14,12.43,12.43,10.14,10.96
2018-08-15,10.96,12.63,10.89,12.5
2018-08-16,12.5,14.91,11.9,14.11
2018-08-17,14.11,14.5,13.05,14.24
2018-08-18,14.26,14.57,12.62,13.2
2018-08-19,13.2,13.76,12.85,13.36
2018-08-20,13.36,13.53,12.78,12.94
2018-08-21,12.94,12.95,12.18,12.6
2018-08-22,12.55,13.46,11.92,12.18
2018-08-23,12.18,12.49,11.91,12.42
2018-08-24,12.42,12.64,12.27,12.57
2018-08-25,12.56,12.79,12.42,12.52
2018-08-26,12.52,12.65,12.07,12.39
2018-08-27,12.39,12.64,12.27,12.4
2018-08-28,12.38,13.38,12.29,13.22
2018-08-29,13.21,13.36,12.81,13.08
2018-08-30,13.08,13.12,12.45,12.75
2018-08-31,12.75,12.95,12.52,12.74
2018-09-01,12.74,13.36,12.69,13.23
2018-09-02,13.23,13.39,13.01,13.27
2018-09-03,13.27,14.52,13.26,14.19
2018-09-04,14.19,14.25,13.75,13.97
2018-09-05,13.96,14.08,12.04,12.27
2018-09-06,12.27,12.3,11.1,11.7
2018-09-07,11.7,12.26,11.42,11.65
2018-09-08,11.65,11.83,10.7,10.82
2018-09-09,10.83,11.66,10.82,11.38
2018-09-10,11.38,11.47,10.94,11.2
2018-09-11,11.2,11.48,10.87,11.27
2018-09-12,11.27,11.28,10.07,10.59
2018-09-13,10.59,11.32,10.58,11.03
2018-09-14,11.03,11.37,10.91,11.06
2018-09-15,11.06,11.56,10.93,11.25
2018-09-16,11.25,11.5,10.96,11.2
2018-09-17,11.2,11.32,10.03,10.3
2018-09-18,10.3,10.8,10.17,10.56
2018-09-19,10.56,11.23,10.27,10.73
2018-09-20,10.73,10.94,10.61,10.93
2018-09-21,10.93,11.81,10.85,11.55
2018-09-22,11.55,11.86,11.22,11.43
2018-09-23,11.43,11.75,11.39,11.5
2018-09-24,11.5,11.62,11.02,11.15
2018-09-25,11.15,11.35,10.41,11.11
2018-09-26,11.11,11.31,10.84,10.99
2018-09-27,10.99,11.54,10.77,11.52
2018-09-28,11.52,11.6,11.1,11.2
2018-09-29,11.2,11.44,11.02,11.41
2018-09-30,11.41,11.43,11.14,11.27
2018-10-01,11.28,11.38,11.07,11.22
2018-10-02,11.22,11.36,11.11,11.16
2018-10-03,11.15,11.19,10.87,10.97
2018-10-04,10.97,11.2,10.97,11.05
2018-10-05,11.05,11.14,10.95,11.03
2018-10-06,11.03,11.16,10.86,10.93
2018-10-07,10.93,10.97,10.68,10.86
2018-10-08,10.86,11.04,10.85,11
2018-10-09,11,11,10.84,10.9
2018-10-10,10.9,10.93,10.73,10.85
2018-10-11,10.85,10.86,9.63,9.77
2018-10-12,9.77,9.77,9,9.48
2018-10-13,9.48,9.59,9.39,9.51
2018-10-14,9.51,9.66,9.45,9.51
2018-10-15,9.51,10.74,9.28,9.79
2018-10-16,9.79,10.02,9.67,9.72
2018-10-17,9.72,10.09,9.58,9.88
2018-10-18,9.87,9.93,9.6,9.63
2018-10-19,9.63,9.76,9.46,9.67
2018-10-20,9.67,9.72,9.52,9.65
2018-10-21,9.65,9.81,9.55,9.67
2018-10-22,9.67,10.29,9.53,10.07
2018-10-23,10.07,10.24,9.83,9.84
2018-10-24,9.84,9.99,9.66,9.82
2018-10-25,9.82,9.85,9.59,9.71
2018-10-26,9.71,9.79,9.57,9.66
2018-10-27,9.66,9.71,9.55,9.6
2018-10-28,9.59,9.64,9.52,9.58
2018-10-29,9.58,9.72,8.97,9.06
2018-10-30,9.06,9.18,8.91,9.01
2018-10-31,9.01,9.13,8.78,9.06
2018-11-01,9.06,9.09,8.95,9.07
2018-11-02,9.07,9.2,9.02,9.15
2018-11-03,9.16,9.18,9.07,9.12
2018-11-04,9.12,9.64,9.07,9.45
2018-11-05,9.44,9.52,9.29,9.4
2018-11-06,9.4,9.93,9.39,9.9
2018-11-07,9.91,10,9.6,9.65
2018-11-08,9.65,9.72,9.45,9.53
2018-11-09,9.53,9.64,9.43,9.46
2018-11-10,9.46,9.58,9.45,9.5
2018-11-11,9.5,9.5,8.99,9.15
2018-11-12,9.15,9.33,9.13,9.21
2018-11-13,9.21,9.25,8.98,9.1
2018-11-14,9.1,9.35,6.84,7.85
2018-11-15,7.85,8.09,7.14,7.67
2018-11-16,7.67,7.88,7.43,7.48
2018-11-17,7.48,7.54,7.37,7.38
2018-11-18,7.38,7.66,7.36,7.4
2018-11-19,7.4,7.47,6.13,6.22
2018-11-20,6.22,6.47,5.12,5.56
2018-11-21,5.57,5.96,5.36,5.68
2018-11-22,5.68,5.83,5.53,5.55
2018-11-23,5.55,5.55,4.99,5.28
2018-11-24,5.28,5.36,4.45,4.6
2018-11-25,4.59,4.94,4.24,4.77
2018-11-26,4.77,4.91,4.2,4.27
2018-11-27,4.27,4.69,4.2,4.6
2018-11-28,4.59,5.13,4.54,4.95
2018-11-29,4.95,5.1,4.79,4.89
2018-11-30,4.89,5.02,4.5,4.57
2018-12-01,4.57,4.97,4.47,4.89
2018-12-02,4.89,5.36,4.81,5.22
2018-12-03,5.22,5.23,4.48,4.52
2018-12-04,4.53,4.8,4.4,4.41
2018-12-05,4.41,4.48,4,4.05
2018-12-06,4.05,4.22,3.69,3.7
2018-12-07,3.7,4.15,3.28,3.99
2018-12-08,3.99,4.53,3.55,4.01
2018-12-09,4.04,4.35,3.83,3.95
2018-12-10,3.95,4.17,3.75,3.92
2018-12-11,3.92,4.19,3.66,3.74
2018-12-12,3.74,4.02,3.67,3.9
2018-12-13,3.9,4.01,3.77,3.9
2018-12-14,3.9,3.92,3.63,3.75
2018-12-15,3.75,3.76,3.52,3.64
2018-12-16,3.64,3.84,3.62,3.63
2018-12-17,3.63,4.21,3.63,4.01
2018-12-18,4.01,4.27,3.9,4.13
2018-12-19,4.13,4.83,4.11,4.56
2018-12-20,4.56,5.02,4.4,4.76
2018-12-21,4.76,4.92,4.54,4.58
2018-12-22,4.58,4.66,4.36,4.61
2018-12-23,4.61,5.11,4.6,4.96
2018-12-24,4.96,5.61,4.94,5.31
2018-12-25,5.31,5.34,4.55,4.73
2018-12-26,4.73,5.55,4.7,5.54
2018-12-27,5.54,5.82,4.79,4.82
2018-12-28,4.82,5.58,4.74,5.3
2018-12-29,5.3,5.52,5.24,5.48
2018-12-30,5.48,5.54,5.11,5.35
2018-12-31,5.35,5.41,4.99,5.06
2019-01-01,5.06,5.26,5.02,5.23
2019-01-02,5.23,5.52,5.22,5.49
2019-01-03,5.49,5.54,5,5.16
2019-01-04,5.16,5.4,5.09,5.32
2019-01-05,5.32,5.41,5.17,5.21
2019-01-06,5.21,5.66,5.16,5.43
2019-01-07,5.43,5.57,4.92,4.96
2019-01-08,4.96,5.17,4.89,5.01
2019-01-09,5.02,5.16,4.98,5.03
2019-01-10,5.03,5.11,4.3,4.4
2019-01-11,4.41,4.64,4.41,4.49
2019-01-12,4.49,4.81,4.42,4.59
2019-01-13,4.6,4.63,4.22,4.27
2019-01-14,4.27,4.55,4.26,4.45
2019-01-15,4.45,4.48,4.19,4.22
2019-01-16,4.22,4.45,4.22,4.34
2019-01-17,4.34,4.6,4.3,4.48
2019-01-18,4.48,4.54,4.34,4.39
2019-01-19,4.39,4.68,4.39,4.48
2019-01-20,4.48,4.5,4.23,4.29
2019-01-21,4.29,4.37,4.25,4.28
2019-01-22,4.28,4.4,4.19,4.36
2019-01-23,4.36,4.44,4.33,4.35
2019-01-24,4.35,4.4,4.28,4.38
2019-01-25,4.38,4.43,4.31,4.37
2019-01-26,4.37,4.47,4.32,4.35
2019-01-27,4.35,4.35,4.19,4.29
2019-01-28,4.29,4.29,3.82,3.95
2019-01-29,3.96,4.05,3.88,3.94
2019-01-30,3.94,4.07,3.89,4.01
2019-01-31,4.01,4.1,3.93,3.99
2019-02-01,3.99,4.02,3.89,3.99
2019-02-02,3.99,4,3.87,3.95
2019-02-03,3.95,4.06,3.87,3.92
2019-02-04,3.92,3.94,3.85,3.88
2019-02-05,3.88,3.9,3.83,3.88
2019-02-06,3.88,3.89,3.67,3.79
2019-02-07,3.79,3.91,3.7,3.88
2019-02-08,3.88,4.34,3.85,4.14
2019-02-09,4.14,4.2,4.05,4.11
2019-02-10,4.11,4.14,3.97,4.12
2019-02-11,4.12,4.22,4.01,4.11
2019-02-12,4.11,4.23,4.03,4.07
2019-02-13,4.08,4.21,4.08,4.16
2019-02-14,4.16,4.21,4.09,4.16
2019-02-15,4.16,4.26,4.07,4.13
2019-02-16,4.13,4.21,4.1,4.14
2019-02-17,4.14,4.25,4.07,4.19
2019-02-18,4.19,4.5,4.19,4.42
2019-02-19,4.42,4.87,4.41,4.69
2019-02-20,4.69,4.79,4.48,4.6
2019-02-21,4.62,4.71,4.45,4.47
2019-02-22,4.47,4.86,4.43,4.77
2019-02-23,4.77,4.96,4.67,4.91
2019-02-24,4.91,5.05,4.26,4.36
2019-02-25,4.36,4.47,4.2,4.39
2019-02-26,4.39,4.47,4.32,4.37
2019-02-27,4.37,4.48,4.25,4.36
2019-02-28,4.36,4.47,4.3,4.32
2019-03-01,4.32,4.55,4.3,4.4
2019-03-02,4.4,4.51,4.29,4.35
2019-03-03,4.35,4.48,4.29,4.34
2019-03-04,4.34,4.43,4.05,4.16
2019-03-05,4.16,4.45,4.14,4.33
2019-03-06,4.33,4.47,4.28,4.36
2019-03-07,4.36,4.56,4.36,4.45
2019-03-08,4.45,4.47,4.21,4.26
2019-03-09,4.26,4.43,4.25,4.37
2019-03-10,4.37,4.42,4.26,4.41
2019-03-11,4.41,4.43,4.27,4.3
2019-03-12,4.3,4.34,4.22,4.32
2019-03-13,4.32,4.32,4.2,4.26
2019-03-14,4.26,4.41,4.2,4.34
2019-03-15,4.34,4.49,4.32,4.44
2019-03-16,4.44,4.66,4.42,4.53
2019-03-17,4.53,4.54,4.41,4.47
2019-03-18,4.47,4.54,4.36,4.44
2019-03-19,4.44,4.68,4.34,4.59
2019-03-20,4.59,4.75,4.53,4.67
2019-03-21,4.67,4.92,4.53,4.83
2019-03-22,4.83,5.01,4.78,4.91
2019-03-23,4.91,4.94,4.79,4.89
2019-03-24,4.89,4.91,4.77,4.83
2019-03-25,4.83,4.86,4.62,4.67
2019-03-26,4.68,4.72,4.6,4.63
2019-03-27,4.63,4.85,4.62,4.8
2019-03-28,4.81,4.83,4.71,4.74
2019-03-29,4.74,5,4.7,4.92
2019-03-30,4.92,4.95,4.75,4.82
2019-03-31,4.82,4.86,4.75,4.86
2019-04-01,4.86,4.87,4.78,4.81
2019-04-02,4.81,5.41,4.81,5.35
2019-04-03,5.35,6.18,5.34,5.9
2019-04-04,5.9,6.01,5.12,5.38
2019-04-05,5.38,5.94,5.32,5.73
2019-04-06,5.73,6.1,5.53,5.93
2019-04-07,5.93,10.5,5.93,8.47
2019-04-08,8.47,8.51,6.85,7.43
2019-04-09,7.42,7.48,6.81,7.11
2019-04-10,7.11,7.27,6.92,6.98
2019-04-11,6.98,7.08,6,6.18
2019-04-12,6.18,6.54,5.95,6.41
2019-04-13,6.41,6.46,6.26,6.32
2019-04-14,6.32,6.38,6.18,6.37
2019-04-15,6.37,6.58,5.96,6.13
2019-04-16,6.13,6.32,6.05,6.26
2019-04-17,6.26,6.35,6.16,6.23
2019-04-18,6.23,6.36,6.19,6.32
2019-04-19,6.32,6.42,6.22,6.28
2019-04-20,6.28,6.35,6.19,6.2
2019-04-21,6.2,6.26,5.74,5.88
2019-04-22,5.88,6,5.84,5.98
2019-04-23,5.98,6.16,5.9,6.01
2019-04-24,6.01,6.03,5.28,5.55
2019-04-25,5.55,5.77,5.53,5.53
2019-04-26,5.52,5.52,5.2,5.38
2019-04-27,5.38,5.81,5.34,5.6
2019-04-28,5.6,5.66,5.37,5.41
2019-04-29,5.41,5.73,5.4,5.62
2019-04-30,5.62,5.92,5.52,5.84
2019-05-01,5.84,6,5.67,5.83
2019-05-02,5.82,5.86,5.68,5.81
2019-05-03,5.82,6.24,5.69,6.13
2019-05-04,6.13,6.18,5.7,5.96
2019-05-05,5.96,5.97,5.69,5.81
2019-05-06,5.82,5.88,5.51,5.83
2019-05-07,5.83,6.03,5.65,5.74
2019-05-08,5.75,5.82,5.56,5.72
2019-05-09,5.72,5.81,5.53,5.6
2019-05-10,5.6,5.71,5.52,5.65
2019-05-11,5.65,6.35,5.59,6.28
2019-05-12,6.28,6.4,5.75,5.93
2019-05-13,5.93,6.28,5.8,6.18
2019-05-14,6.17,6.71,5.98,6.24
2019-05-15,6.24,7.69,6.24,7.53
2019-05-16,7.54,8.61,6.98,7.64
2019-05-17,7.64,7.81,6.77,7.14
2019-05-18,7.15,7.46,7.09,7.28
2019-05-19,7.28,7.89,7.15,7.81
2019-05-20,7.81,7.9,7.14,7.46
2019-05-21,7.46,7.65,7.22,7.51
2019-05-22,7.5,7.51,6.83,6.89
2019-05-23,6.89,7.05,6.68,7.04
2019-05-24,7.03,7.44,6.99,7.39
2019-05-25,7.39,7.43,7.19,7.3
2019-05-26,7.3,7.76,7.14,7.72
2019-05-27,7.72,8.28,7.6,7.9
2019-05-28,7.9,8.49,7.87,8.23
2019-05-29,8.23,8.45,7.69,8.26
2019-05-30,8.26,8.89,7.76,7.9
2019-05-31,7.9,8.52,7.89,8.5
2019-06-01,8.5,8.9,8.42,8.73
2019-06-02,8.73,9.65,8.5,9.46
2019-06-03,9.46,9.83,9.03,9.48
2019-06-04,9.48,9.76,7.55,7.79
2019-06-05,7.79,8.5,7.74,8.06
2019-06-06,8.06,8.23,7.37,7.83
2019-06-07,7.83,8.44,7.76,8.2
2019-06-08,8.18,8.8,8.08,8.33
2019-06-09,8.33,8.55,7.91,8.09
2019-06-10,8.09,8.43,7.91,8.222
2019-06-11,8.221,8.355,8.044,8.279
2019-06-12,8.279,8.838,8.124,8.52
2019-06-13,8.52,8.765,8.5,8.702
2019-06-14,8.702,8.702,8.167,8.562
2019-06-15,8.562,8.715,8.398,8.567
2019-06-16,8.567,8.944,8.518,8.808
2019-06-17,8.808,8.885,8.658,8.863
2019-06-18,8.863,8.898,8.318,8.409
2019-06-19,8.409,8.678,8.354,8.587
2019-06-20,8.59,8.611,8.392,8.553
2019-06-21,8.553,8.846,8.493,8.815
2019-06-22,8.815,9.337,8.746,9.159
2019-06-23,9.159,9.653,9.007,9.314
2019-06-24,9.314,9.404,8.876,9.252
2019-06-25,9.252,9.361,9.058,9.173
2019-06-26,9.173,9.693,8.708,8.909
2019-06-27,8.924,9.118,7.162,7.62
2019-06-28,7.62,8.181,7.584,7.947
2019-06-29,7.929,8.268,7.59,8.206
2019-06-30,8.202,8.667,7.722,8.026
2019-07-01,8.024,8.032,7.308,7.769
2019-07-02,7.769,7.911,7.364,7.705
2019-07-03,7.704,7.955,7.682,7.859
2019-07-04,7.859,8.451,7.757,8.145
2019-07-05,8.145,8.214,7.657,7.971
2019-07-06,7.946,8.175,7.805,7.952
2019-07-07,7.952,8.133,7.761,8.107
2019-07-08,8.108,8.148,7.895,8.099
2019-07-09,8.141,8.293,7.812,7.962
2019-07-10,7.962,8.024,7.058,7.316
2019-07-11,7.33,7.371,6.249,6.739
2019-07-12,6.739,7.008,6.555,6.908
2019-07-13,6.908,6.965,6.456,6.603
2019-07-14,6.593,6.762,5.808,5.97
2019-07-15,5.969,6.013,5.159,5.761
2019-07-16,5.761,6.099,5.158,5.492
2019-07-17,5.495,5.985,5.251,5.828
2019-07-18,5.828,6.071,5.442,6.03
2019-07-19,6.03,6.09,5.672,5.86
2019-07-20,5.859,6.332,5.835,6.299
2019-07-21,6.302,6.329,6.053,6.263
2019-07-22,6.265,6.49,6.226,6.341
2019-07-23,6.339,6.367,5.952,6.115
2019-07-24,6.115,6.235,5.779,6.063
2019-07-25,6.063,6.285,5.99,6.02
2019-07-26,6.02,6.249,5.912,6.213
2019-07-27,6.213,6.33,5.787,5.919
2019-07-28,5.92,6.013,5.868,5.924
2019-07-29,5.924,6.087,5.564,5.947
2019-07-30,5.95,6.002,5.809,5.949
2019-07-31,5.948,6.088,5.817,6.028
2019-08-01,6.028,6.079,5.843,5.972
2019-08-02,5.971,6.021,5.816,5.854
2019-08-03,5.854,5.973,5.85,5.872
2019-08-04,5.872,6.162,5.842,6.073
2019-08-05,6.073,6.358,6.072,6.223
2019-08-06,6.223,6.253,5.819,5.854
2019-08-07,5.854,6.011,5.809,5.917
2019-08-08,5.917,6.187,5.869,5.926
2019-08-09,5.926,6.033,5.735,5.82
2019-08-10,5.82,5.889,5.54,5.685
2019-08-11,5.685,5.884,5.62,5.809
2019-08-12,5.809,5.896,5.683,5.788
2019-08-13,5.788,6.003,5.742,5.968
2019-08-14,5.969,6.162,5.478,5.631
2019-08-15,5.631,5.769,5.304,5.626
2019-08-16,5.613,5.67,5.451,5.581
2019-08-17,5.581,5.603,5.414,5.465
2019-08-18,5.466,5.674,5.434,5.62
2019-08-19,5.619,5.665,5.447,5.501
2019-08-20,5.501,6.178,5.478,5.941
2019-08-21,5.941,6.381,5.871,5.95
2019-08-22,5.95,7.719,5.95,7.176
2019-08-23,7.167,7.564,6.87,6.895
2019-08-24,6.895,7.248,6.774,6.959
2019-08-25,6.959,7.425,6.819,7.176
2019-08-26,7.182,7.508,7.115,7.267
2019-08-27,7.267,7.361,7.116,7.211
2019-08-28,7.211,7.248,6.257,6.5
2019-08-29,6.497,6.524,5.71,5.984
2019-08-30,5.984,6.487,5.762,6.369
2019-08-31,6.37,6.453,6.173,6.402
2019-09-01,6.411,6.421,6.108,6.269
2019-09-02,6.269,6.894,6.221,6.768
2019-09-03,6.768,7.034,6.638,6.839
2019-09-04,6.835,6.899,6.679,6.825
2019-09-05,6.825,7.217,6.724,6.966
2019-09-06,6.966,7.135,6.779,6.832
2019-09-07,6.832,6.84,6.283,6.798
2019-09-08,6.799,6.831,6.601,6.66
2019-09-09,6.66,6.791,6.394,6.564
2019-09-10,6.564,6.752,6.452,6.478
2019-09-11,6.479,6.587,6.145,6.343
2019-09-12,6.343,6.38,6.213,6.338
2019-09-13,6.338,6.348,6.122,6.166
2019-09-14,6.173,6.325,6.11,6.298
2019-09-15,6.298,6.364,6.244,6.276
2019-09-16,6.276,6.355,6.159,6.259
2019-09-17,6.259,6.446,6.183,6.386
2019-09-18,6.386,6.541,6.298,6.407
2019-09-19,6.398,6.439,5.788,6.237
2019-09-20,6.236,6.286,5.978,6.134
2019-09-21,6.134,6.207,6.053,6.184
2019-09-22,6.184,6.184,5.971,6.059
2019-09-23,6.059,6.099,5.837,5.891
