Data,Otwarcie,Najwyzszy,Najnizszy,Zamkniecie,Wolumen
2016-12-28,44.306,44.76,43.44,43.948,18428500
2016-12-29,43.712,43.84,42.825,42.93,19735930
2016-12-30,43.26,43.5,42.336,42.738,23213100
2017-01-03,42.972,44.066,42.192,43.398,27645515
2017-01-04,42.95,45.6,42.862,45.398,55627045
2017-01-05,45.284,45.496,44.39,45.35,29277385
2017-01-06,45.386,46.062,45.09,45.802,27321950
2017-01-09,45.794,46.384,45.6,46.256,19564525
2017-01-10,46.4,46.4,45.378,45.974,17982445
2017-01-11,45.814,45.996,45.336,45.946,17098545
2017-01-12,45.812,46.14,45.116,45.918,18579970
2017-01-13,46,47.57,45.918,47.55,29995180
2017-01-17,47.34,47.992,46.874,47.116,22997155
2017-01-18,47.33,47.942,47.116,47.672,18586835
2017-01-19,49.45,49.736,48.15,48.752,37941540
2017-01-20,49.092,49.2,48.602,48.946,18896500
2017-01-23,49.17,50.178,49.1,49.784,29669210
2017-01-24,50,50.96,49.93,50.922,23902995
2017-01-25,51.462,51.692,50.36,50.894,25577495
2017-01-26,50.858,51.148,50.15,50.502,15346925
2017-01-27,50.276,50.6,49.704,50.592,15209075
2017-01-30,50.506,51.058,49.42,50.124,18311905
2017-01-31,49.848,51.178,49.54,50.386,20264285
2017-02-01,50.61,50.64,49.81,49.848,19612075
2017-02-02,49.668,50.484,49.542,50.308,12089945
2017-02-03,50.382,50.436,49.936,50.266,10933615
2017-02-06,50.2,51.564,50.126,51.554,17607725
2017-02-07,51.638,52,51.284,51.496,20296715
2017-02-08,51.47,52.672,51.24,52.416,19403300
2017-02-09,53.25,54.236,53.23,53.84,38459180
2017-02-10,53.958,54.19,53.222,53.846,17955635
2017-02-13,54.148,56.158,54.102,56.12,34464705
2017-02-14,55.806,57.478,55.722,56.196,35964405
2017-02-15,56,56.448,55.288,55.952,24549460
2017-02-16,55.52,56,53.7,53.79,35113000
2017-02-17,53.16,54.578,52.83,54.446,30614880
2017-02-21,55.09,56.28,54.802,55.478,28032950
2017-02-22,56.062,56.69,54.52,54.702,37154570
2017-02-23,52.8,52.932,51.112,51.198,74129040
2017-02-24,50.532,51.65,50.04,51.4,40598025
2017-02-27,49.634,49.672,48.402,49.246,56065165
2017-02-28,48.838,50.2,48.78,49.998,29734210
2017-03-01,50.836,50.97,49.822,50.004,23897470
2017-03-02,49.942,50.656,49.654,50.096,16608555
2017-03-03,50.148,50.38,49.8,50.314,14539200
2017-03-06,49.582,50.34,49.502,50.242,16436145
2017-03-07,50.384,50.778,49.664,49.718,16709200
2017-03-08,49.4,50.014,49.064,49.366,18218355
2017-03-09,49.526,49.732,48.6,48.98,19260260
2017-03-10,49.242,49.3,48.6,48.738,15048585
2017-03-13,48.878,49.37,48.556,49.234,15113125
2017-03-14,49.222,51.624,49.204,51.6,37992230
2017-03-15,51.4,52.2,50.854,51.146,26654030
2017-03-16,52.48,53.15,51.812,52.41,35660765
2017-03-17,52.8,53.066,52.24,52.3,29562385
2017-03-20,52.12,52.91,51.764,52.384,18071470
2017-03-21,52.566,52.96,50.048,50.136,34542770
2017-03-22,50.312,51.014,50.102,51.002,20296485
2017-03-23,51.078,51.534,50.66,50.956,16601225
2017-03-24,51.14,52.778,51.002,52.632,27662070
2017-03-27,52.12,54.114,51.95,54.044,30448525
2017-03-28,55.404,56.136,55,55.49,38905565
2017-03-29,55.668,55.92,55.108,55.476,17813950
2017-03-30,55.608,56.4,55.442,55.584,20333015
2017-03-31,55.746,55.936,55.264,55.66,16123105
2017-04-03,57.38,59.8,56.916,59.704,69443090
2017-04-04,59.378,60.962,58.906,60.736,49876245
2017-04-05,60.408,60.976,58.84,59,38909335
2017-04-06,59.376,60.388,58.82,59.74,27250880
2017-04-07,59.5,60.538,59.43,60.508,22898065
2017-04-10,61.83,62.746,61.742,62.478,37912935
2017-04-11,62.676,62.694,61.1,61.742,28622885
2017-04-12,61.268,61.69,59.264,59.368,29628415
2017-04-13,59.34,61.478,59.06,60.8,45875640
2017-04-17,60.54,60.8,59.736,60.288,20268285
2017-04-18,59.94,60.168,59.58,60.05,14340435
2017-04-19,60.492,61.324,60.422,61.104,18706680
2017-04-20,61.302,61.83,60.046,60.502,29490675
2017-04-21,60.4,61.28,60.084,61.12,22102255
2017-04-24,61.844,62.11,61.204,61.606,25392650
2017-04-25,61.6,62.796,61.172,62.758,33674835
2017-04-26,62.474,62.9,61.8,62.034,23445490
2017-04-27,62.338,62.618,61.5,61.726,17316340
2017-04-28,61.966,62.96,61.6,62.814,22527390
2017-05-01,62.976,65.45,62.962,64.566,44105530
2017-05-02,64.8,65.532,63.312,63.778,26589695
2017-05-03,63.534,64.306,62.09,62.204,34532310
2017-05-04,61.487,61.554,58.152,59.092,70692645
2017-05-05,59.6,61.71,59.36,61.67,40886735
2017-05-08,62.18,62.758,61.164,61.438,35017340
2017-05-09,61.876,64.398,61.82,64.252,48323645
2017-05-10,64.312,65.1,63.624,65.044,28676225
2017-05-11,64.68,65.2,63.92,64.62,23738565
2017-05-12,65.096,65.4,64.306,64.962,20586475
2017-05-15,63.676,64.04,62.506,63.176,38037565
2017-05-16,63.518,64.012,63.028,63.402,20709845
2017-05-17,62.878,62.926,61.1,61.2,33480365
2017-05-18,61.4,62.788,61.062,62.612,28269005
2017-05-19,63.1,63.3,62.04,62.166,23263325
2017-05-22,62.56,62.874,61.36,62.07,21624810
2017-05-23,62.092,62.146,60.696,60.772,21576100
2017-05-24,61.302,62.2,61.08,62.044,25184930
2017-05-25,62.204,63.394,61.562,63.366,25020190
2017-05-26,63.456,65.098,63.262,65.028,38959850
2017-05-30,65.2,67.256,65.152,67.02,38863145
2017-05-31,67.538,68.578,67.032,68.202,49689445
2017-06-01,68.8,68.976,67.458,68.074,38012915
2017-06-02,67.954,68.576,67.186,67.97,27918320
2017-06-05,67.7,69.688,66.842,69.464,33852580
2017-06-06,68.94,71.899,67.994,70.56,55296930
2017-06-07,71.268,72.1,71.028,71.93,46760940
2017-06-08,72.75,74.38,72.044,74,45150260
2017-06-09,74.884,75.374,70.96,71.464,86257920
2017-06-12,71.598,72.9,70.124,71.802,52541305
2017-06-13,73.524,75.2,73.322,75.19,58890555
2017-06-14,76.217,76.85,75.262,76.132,63917790
2017-06-15,74.5,75.092,73.298,75.068,52080440
2017-06-16,75.595,75.602,74.02,74.28,31751890
2017-06-19,75,75.34,73.56,73.96,32364640
2017-06-20,75.334,75.776,73.946,74.448,37108190
2017-06-21,74.87,75.398,73.604,75.28,24616050
2017-06-22,75.598,77,74.714,76.522,37571410
2017-06-23,76.49,77.398,75.869,76.69,32133330
2017-06-26,77.338,77.39,74.62,75.498,32988015
2017-06-27,75.28,75.28,72.404,72.474,34899770
2017-06-28,73.336,74.348,72.504,74.248,31465810
2017-06-29,74.122,74.2,70.82,72.15,41022760
2017-06-30,72.742,73.353,71.924,72.322,29134090
2017-07-03,74.048,74.27,70.3,70.5,31527005
2017-07-05,69.44,69.448,65.266,65.418,85029815
2017-07-06,63.452,64.158,61.26,61.766,96379770
2017-07-07,62.7,63.4,61.476,62.644,70674460
2017-07-10,62.58,63.588,60.626,63.21,68901340
2017-07-11,63.2,65.456,62.86,65.444,57640465
2017-07-12,66.08,66.62,64.9,65.904,51619215
2017-07-13,66.022,66.32,63.994,64.682,42915430
2017-07-14,64.638,65.684,64.244,65.556,28040215
2017-07-17,65.108,65.42,62.69,63.914,49150390
2017-07-18,63.5,65.826,63.132,65.648,31827755
2017-07-19,65.646,66.33,64.644,65.052,31744435
2017-07-20,65.38,66.044,64.84,65.984,25729405
2017-07-21,65.892,66.252,65.16,65.68,24358875
2017-07-24,66.048,68.68,66.002,68.504,42995055
2017-07-25,69,69.12,66.83,67.92,34900565
2017-07-26,68.072,69.1,67.624,68.77,24052595
2017-07-27,69.2,69.5,65.258,66.892,41432475
2017-07-28,67.378,67.92,66.502,67.014,24365265
2017-07-31,67.1,68.298,64.208,64.694,42634665
2017-08-01,64.6,64.89,63.226,63.914,41439070
2017-08-02,63.788,65.424,62.244,65.178,60456515
2017-08-03,69.066,70,68.63,69.415,67631800
2017-08-04,69.4,71.454,68.66,71.382,46192600
2017-08-07,71.47,71.896,70.55,71.034,31548895
2017-08-08,71.506,73.716,71.48,73.044,37163365
2017-08-09,72.2,74,71.79,72.706,34410465
2017-08-10,72.32,73.33,70.932,71.08,35345075
2017-08-11,71.394,72.252,70.724,71.574,21793430
2017-08-14,72.926,73.532,72.52,72.76,22541945
2017-08-15,73.04,73.098,71.874,72.466,15386000
2017-08-16,72.6,73.3,72.504,72.582,17033680
2017-08-17,72.242,72.66,70.318,70.384,25058045
2017-08-18,70.582,70.8,69.16,69.492,26989320
2017-08-21,69.164,69.164,66.37,67.572,32451440
2017-08-22,68.226,68.448,67.475,68.27,21576960
2017-08-23,67.798,70.698,67.661,70.554,24713045
2017-08-24,70.504,71.332,69.948,70.586,22880020
2017-08-25,70.848,71.138,69.46,69.61,17377455
2017-08-28,69.456,69.47,67.944,69.132,18746440
2017-08-29,67.896,69.81,67.75,69.472,20346885
2017-08-30,69.934,70.694,69.4,70.636,17021095
2017-08-31,70.71,71.688,70.564,71.18,20328450
2017-09-01,71.224,71.518,70.738,71.08,15244475
2017-09-05,70.76,71.098,69.178,69.918,19215140
2017-09-06,69.9,70.196,68.312,68.906,20414505
2017-09-07,69.196,70.496,68.69,70.122,21178030
2017-09-08,69.798,69.956,68.46,68.68,16306945
2017-09-11,70.27,72.742,70,72.738,38258235
2017-09-12,72.898,73.752,72.08,72.55,29833580
2017-09-13,72.764,73.614,71.918,73.246,20860165
2017-09-14,72.866,75.592,72.526,75.528,35857185
2017-09-15,74.902,76,74.54,75.962,27045090
2017-09-18,76.05,77.922,75.536,77,35896435
2017-09-19,76,76.478,74.714,75.02,32201375
2017-09-20,74.6,75.65,74.214,74.782,24554415
2017-09-21,74.98,75.366,72.902,73.296,23063105
2017-09-22,73.298,73.98,70.176,70.218,40721695
2017-09-25,70.63,71.494,68.576,68.998,37936975
2017-09-26,70.186,70.248,68.18,69.05,35753160
2017-09-27,69.98,70.298,68.1,68.194,30147980
2017-09-28,67.976,68.55,67.08,67.92,26559385
2017-09-29,68.372,68.936,67.72,68.204,25495560
2017-10-02,68.504,68.74,67.102,68.306,26218090
2017-10-03,67.18,69.71,66.256,69.628,50632705
2017-10-04,70.25,71.724,69.92,71.002,40742970
2017-10-05,71.2,71.487,70.27,71.028,20840805
2017-10-06,70.62,72.02,70.45,71.367,21389390
2017-10-09,69.93,70.35,68.534,68.588,37321755
2017-10-10,69.36,71.126,69.106,71.118,34862760
2017-10-11,70.778,71.52,70.23,70.92,22476640
2017-10-12,70.59,71.956,70.528,71.136,20377595
2017-10-13,71.396,71.698,70.736,71.114,17694790
2017-10-16,70.752,70.896,69.432,70.12,26867050
2017-10-17,70.182,71.244,70.014,71.15,16451585
2017-10-18,71.194,72.6,70.826,71.93,24680830
2017-10-19,71.112,71.429,69.64,70.362,25283610
2017-10-20,70.538,70.91,68.868,69.02,24633335
2017-10-23,69.976,69.99,67.25,67.404,28701830
2017-10-24,67.76,68.56,67.232,67.468,22442130
2017-10-25,67.34,67.5,64.712,65.168,42921020
2017-10-26,65.556,66.046,64.64,65.234,25060435
2017-10-27,63.95,64.918,63.332,64.174,34850590
2017-10-30,63.836,64.756,63.45,64.016,21271890
2017-10-31,64.046,66.39,64.036,66.306,28361735
2017-11-01,66.45,66.522,64.052,64.216,42286680
2017-11-02,60.026,61.738,58.526,59.852,98957080
2017-11-03,59.9,61.25,59.026,61.218,44469870
2017-11-06,61.4,61.5,59.802,60.556,32412430
2017-11-07,60.204,61.3,60.006,61.21,26431600
2017-11-08,61.1,61.378,60.26,60.862,23627550
2017-11-09,60.5,60.892,59.26,60.598,27201675
2017-11-10,60.5,61.672,60.37,60.598,23109560
2017-11-13,60.026,63.36,59.822,63.08,37872710
2017-11-14,63,63.27,61.38,61.74,28327215
2017-11-15,61.202,62.498,60.3,62.26,29760920
2017-11-16,62.798,63.628,62.26,62.5,28991725
2017-11-17,65.134,65.334,62.63,63.01,68608945
2017-11-20,62.758,63.1,60.95,61.748,41210195
2017-11-21,62.172,63.646,61.742,63.562,36286375
2017-11-22,63.354,63.484,62.368,62.52,24569505
2017-11-24,62.758,63.282,62.2,63.11,16220325
2017-11-27,62.65,63.468,61.902,63.362,22694230
2017-11-28,63.272,64,62.784,63.522,24708845
2017-11-29,63.46,63.6,60.246,61.508,43789645
2017-11-30,61.712,62.14,60.908,61.79,21733350
2017-12-01,61.088,62.064,61.01,61.306,21431115
2017-12-04,61.3,61.653,60.122,61.04,29171625
2017-12-05,60.4,61.6,60.2,60.74,23219155
2017-12-06,60.02,62.678,60,62.654,35929640
2017-12-07,62.4,63.727,62.21,62.252,23898050
2017-12-08,62.92,63.396,62.252,63.026,17331240
2017-12-11,62.926,65.802,62.75,65.78,39639950
2017-12-12,66.09,68.288,66.006,68.206,43580575
2017-12-13,68.186,68.844,67.3,67.806,31089470
2017-12-14,68.202,69.488,67.38,67.578,28962280
2017-12-15,68.408,68.78,67.152,68.686,34622020
2017-12-18,68.98,69.346,67.516,67.762,27336560
2017-12-19,68.052,68.299,66.06,66.198,34106395
2017-12-20,66.538,66.62,65.008,65.796,29752850
2017-12-21,65.918,66.748,65.442,66.332,21855825
2017-12-22,65.902,66.184,64.964,65.04,21039050
2017-12-26,64.766,64.768,63.316,63.458,21849810
2017-12-27,63.2,63.5,62.15,62.328,23526030
2017-12-28,62.35,63.164,61.908,63.072,21536025
2017-12-29,63.236,63.282,62,62.27,18855690
2018-01-02,62.4,64.422,62.2,64.106,21729425
2018-01-03,64.2,65.05,63.11,63.45,22297765
2018-01-04,62.574,63.71,61.136,62.924,49731420
2018-01-05,63.324,63.448,62.4,63.316,22946220
2018-01-08,63.2,67.404,63.1,67.282,49185160
2018-01-09,67.032,67.76,65.481,66.738,35673185
2018-01-10,66.44,67.4,66,66.96,21523235
2018-01-11,67.048,68.962,66.652,67.59,33208155
2018-01-12,67.726,68.082,66.734,67.244,24113905
2018-01-16,67.508,69,66.96,68.012,32150530
2018-01-17,68.094,69.8,67.95,69.432,35475495
2018-01-18,69.134,70.46,68.748,68.914,28400025
2018-01-19,69,70.118,68.52,70.004,24357375
2018-01-22,69.88,71.566,69.84,70.312,31020505
2018-01-23,72,72.1,70.2,70.558,27262665
2018-01-24,70.916,70.95,68.704,69.178,26389830
2018-01-25,69.654,69.84,67.28,67.528,33636960
2018-01-26,68.3,68.8,67.142,68.57,22677350
2018-01-29,67.97,70.17,67.656,69.906,23701385
2018-01-30,69.028,69.654,68.434,69.164,23554400
2018-01-31,69.502,71.238,69.038,70.862,30997515
2018-02-01,70.2,71.932,69.726,69.85,20954160
2018-02-02,69.688,70.39,68.102,68.75,18482550
2018-02-05,67.594,68.894,66.6,66.626,22211425
2018-02-06,65.042,67.244,64.7,66.794,25442190
2018-02-07,67.798,69.2,67.132,69,33904415
2018-02-08,68.662,69.724,62.92,63.046,51490905
2018-02-09,63.986,64.197,58.952,62.084,64624680
2018-02-12,63.226,63.616,61.25,63.146,31126090
2018-02-13,63.004,64.838,62.502,64.732,22775300
2018-02-14,64.168,65.234,63.704,64.462,19741975
2018-02-15,64.9,66.824,64.48,66.813,29554035
2018-02-16,66.5,68.624,66.328,67.098,28202460
2018-02-20,66.894,68.168,66.3,66.952,20035450
2018-02-21,67.206,67.939,66.636,66.66,16037345
2018-02-22,67.106,69.488,66.95,69.264,34811340
2018-02-23,69.566,70.998,69.42,70.41,29072190
2018-02-26,70.7,71.8,70.471,71.47,21674980
2018-02-27,71.25,71.998,70.002,70.198,23987095
2018-02-28,70.514,71.048,68.444,68.612,30348290
2018-03-01,69.002,69.734,66.014,66.186,34428005
2018-03-02,65.396,67.044,64.594,67.024,25464145
2018-03-05,66.478,67.55,65.859,66.67,19118845
2018-03-06,66.75,67.274,65.406,65.64,21428720
2018-03-07,65.088,66.5,64.348,66.46,25036485
2018-03-08,66.572,66.66,65.255,65.82,17831220
2018-03-09,64.82,65.698,64.474,65.434,27533820
2018-03-12,65.722,69.442,65.3,69.102,41320175
2018-03-13,68.984,69.024,67.253,68.368,29829025
2018-03-14,67.352,67.962,64.786,65.326,39836850
2018-03-15,65.876,66.57,64.22,65.12,32824005
2018-03-16,65.192,65.48,63.814,64.27,30586395
2018-03-19,63.3,64.15,61.934,62.712,37421470
2018-03-20,62.974,63.25,61.752,62.11,23821465
2018-03-21,62.05,64.488,62.038,63.306,29792055
2018-03-22,62.778,63.764,61.636,61.82,24698855
2018-03-23,62.25,62.322,60.09,60.308,33274495
2018-03-26,61.468,61.518,58.272,60.836,41875875
2018-03-27,60.8,60.854,55.436,55.836,69360145
2018-03-28,52.916,53.736,50.42,51.556,105007185
2018-03-29,51.298,54.192,49.642,53.226,75853745
2018-04-02,51.252,52.066,48.918,50.496,80569840
2018-04-03,53.964,54.67,50.898,53.506,94221920
2018-04-04,50.556,57.674,50.4,57.388,99483730
2018-04-05,57.868,61.252,57.64,61.144,95605505
2018-04-06,60.2,61.856,59.1,59.86,67601430
2018-04-09,60.074,61.9,57.842,57.932,51212455
2018-04-10,59.794,61.42,58.736,60.94,55121295
2018-04-11,60.186,61.76,59.932,60.186,37356990
2018-04-12,60.464,60.79,58.736,58.816,38043845
2018-04-13,60.72,60.79,59.196,60.068,36636115
2018-04-16,59.8,59.932,57.802,58.242,31692440
2018-04-17,57.774,58.434,56.502,57.538,35000115
2018-04-18,58.216,60.048,57.632,58.67,32788500
2018-04-19,58.216,60.202,57.71,60.016,30452995
2018-04-20,59.034,59.996,57.95,58.048,28139640
2018-04-23,58.258,58.324,56.466,56.674,24466890
2018-04-24,57,57.418,55.692,56.692,28426540
2018-04-25,56.7,57.032,55.45,56.138,20067870
2018-04-26,55.75,57.158,55.3,57.096,21780065
2018-04-27,57.074,58.894,56.766,58.815,21823130
2018-04-30,58.722,59.746,58.5,58.78,21140860
2018-05-01,58.702,60.164,58.644,59.984,23128015
2018-05-02,59.714,61.37,59.557,60.23,44851850
2018-05-03,55.758,57.608,55.046,56.89,86760650
2018-05-04,56.6,59.372,55.904,58.818,42846770
2018-05-07,59.5,61.192,59.034,60.554,43391120
2018-05-08,60.159,61.55,59.8,60.394,29650000
2018-05-09,60.082,61.402,60.01,61.37,28636825
2018-05-10,61.5,62.598,60.822,61.004,28257805
2018-05-11,61.54,61.776,59.816,60.212,23398245
2018-05-14,60.664,60.988,58.324,58.394,36434020
2018-05-15,57.002,57.392,56.1,56.836,47595865
2018-05-16,56.766,57.762,56.312,57.296,28370095
2018-05-17,57.18,57.837,56.794,56.908,22103060
2018-05-18,56.93,56.93,54.8,55.364,36259435
2018-05-21,56.266,58.298,56.26,56.898,45912855
2018-05-22,57.552,57.6,54.684,55.002,44728780
2018-05-23,55.552,55.982,54.8,55.814,29925265
2018-05-24,55.68,56.222,54.978,55.57,20883540
2018-05-25,55.525,55.928,55.122,55.77,19375410
2018-05-29,55.702,57.3,55.23,56.752,28333200
2018-05-30,56.658,59.001,56.32,58.344,37448430
2018-05-31,57.442,58.074,56.586,56.946,29598605
2018-06-01,57.172,58.39,56.768,58.364,27121930
2018-06-04,58.868,59.8,58.71,59.348,23989050
2018-06-05,59.54,59.56,57.348,58.226,29975785
2018-06-06,60.1,64.434,59.496,63.9,93836345
2018-06-07,63.23,66,62.716,63.218,71726355
2018-06-08,63.8,64.896,63.43,63.532,41026010
2018-06-11,64.502,66.932,64.5,66.42,65917365
2018-06-12,68.94,70.994,67.6,68.554,111737015
2018-06-13,69.341,69.44,67.96,68.956,47349020
2018-06-14,69.526,71.75,69.32,71.544,54905115
2018-06-15,70.768,72.934,70.25,71.634,54241270
2018-06-18,71.08,74.746,70.9,74.166,60366130
2018-06-19,73.032,74,69.25,70.51,63809515
2018-06-20,71.608,72.876,70.4,72.444,41918280
2018-06-21,72.4,73.243,69.254,69.502,39835725
2018-06-22,70.308,70.45,66.4,66.726,51330295
2018-06-25,66.024,67.694,65.5,66.602,34656520
2018-06-26,67.211,68.71,65.16,68.4,37262435
2018-06-27,69,70.158,67.9,68.9,41668635
2018-06-28,69.732,71.404,69.222,69.986,41990025
2018-06-29,70.666,70.772,68.482,68.59,32461980
2018-07-02,72.014,72.956,65.97,67.014,93798825
2018-07-03,66.35,66.498,61.938,62.172,61413190
2018-07-05,62.752,62.878,59.244,61.832,87381870
2018-07-06,60.991,62.414,60.4,61.78,44327255
2018-07-09,62.398,63.704,61.6,63.702,37983765
2018-07-10,64.912,65.535,63.84,64.494,47357490
2018-07-11,63.16,64.388,63.014,63.792,24420380
2018-07-12,64.286,64.646,62.554,63.342,28605830
2018-07-13,63.116,63.917,61.85,63.774,29378850
2018-07-16,62.342,63.032,61.25,62.02,39093275
2018-07-17,61.762,64.948,61.7,64.538,34981160
2018-07-18,65,65.1,63.25,64.77,28121055
2018-07-19,63.266,64.708,62.802,64.046,29576725
2018-07-20,64.246,64.648,62.342,62.716,25832735
2018-07-23,60.368,61.1,58.572,60.64,54964735
2018-07-24,60.884,61.543,58.509,59.486,47953920
2018-07-25,59.348,61.924,58.901,61.748,35470900
2018-07-26,60.97,62.14,60.728,61.33,23152610
2018-07-27,61.45,61.539,59.068,59.436,28516630
2018-07-30,59.18,59.22,57.226,58.034,34070360
2018-07-31,58.45,59.664,57.814,59.628,25384580
2018-08-01,59.598,60.6,58.6,60.168,50647150
2018-08-02,65.688,69.998,64.632,69.908,116074810
2018-08-03,69.562,71,68.506,69.634,68282430
2018-08-06,69.092,70.996,68.364,68.398,42821655
2018-08-07,68.768,77.492,67.83,75.914,154378840
2018-08-08,73.818,76.528,73.424,74.068,122855815
2018-08-09,73.11,73.402,69.146,70.49,85919055
2018-08-10,70.8,72,69.2,71.098,57760220
2018-08-13,72.226,72.638,69.804,71.282,52319405
2018-08-14,71.69,71.84,69.42,69.528,34932135
2018-08-15,68.381,68.898,66.428,67.738,45506290
2018-08-16,67.982,68.456,66.764,67.09,30320165
2018-08-17,64.7,65.354,60.706,61.1,94793060
2018-08-20,58.341,61.7,57.64,61.688,87011675
2018-08-21,62.122,64.958,61.8,64.38,65861150
2018-08-22,64.174,64.776,62.934,64.328,29729775
2018-08-23,63.828,65.464,63.62,64.02,25736430
2018-08-24,64.14,64.77,63.88,64.564,18012820
2018-08-27,63.6,64.487,61.762,63.854,65396440
2018-08-28,63.682,63.776,62.238,62.372,38245455
2018-08-29,62.054,62.37,60.738,61.002,37236960
2018-08-30,60.452,60.92,59.544,60.63,36083530
2018-08-31,60.4,61.062,59.72,60.332,26875520
2018-09-04,59.388,59.638,57.6,57.79,41752345
2018-09-05,57.01,57.356,55.436,56.148,38604105
2018-09-06,56.96,58.234,55.776,56.19,37403800
2018-09-07,52.02,53.67,50.451,52.648,112459655
2018-09-10,54.652,57.206,54.2,57.1,71417640
2018-09-11,55.894,56.4,54.71,55.888,45849945
2018-09-12,56.288,58.5,55.729,58.108,50077135
2018-09-13,57.604,59,57.036,57.892,31701680
2018-09-14,57.752,59.465,57.304,59.04,33828060
2018-09-17,58.008,60.174,57.626,58.968,34437885
2018-09-18,59.338,60.528,55.1,56.992,82737610
2018-09-19,56.102,60,56.1,59.804,41474585
2018-09-20,60.712,61.196,58.666,59.666,36747110
2018-09-21,59.54,60.116,59.074,59.82,25252390
2018-09-24,59.696,60.6,58.716,59.936,24214805
2018-09-25,60,60.92,59.3,60.198,22408645
2018-09-26,60.382,62.778,60.222,61.916,39216080
2018-09-27,62.58,62.992,61.382,61.504,42545420
2018-09-28,54.052,55.6,52.111,52.954,168248470
2018-10-01,61.154,62.288,60.21,62.14,108887985
2018-10-02,62.79,63.368,59.83,60.204,58717555
2018-10-03,60.666,60.92,58.314,58.96,39974940
2018-10-04,58.79,58.8,55.534,56.366,49071060
2018-10-05,54.93,54.976,52,52.39,89722685
2018-10-08,52.904,53.552,49.8,50.112,67363265
2018-10-09,51.05,53.354,50.66,52.56,60302870
2018-10-10,52.922,53.102,49.554,51.376,64076390
2018-10-11,51.506,52.45,49.806,50.446,40838690
2018-10-12,52.2,52.398,50.402,51.756,36007020
2018-10-15,51.812,52.656,50.907,51.918,30999825
2018-10-16,53.14,55.475,52.448,55.318,47632005
2018-10-17,56.48,56.54,53.161,54.356,43277710
2018-10-18,53.858,54.2,52.6,52.782,27105920
2018-10-19,53.478,53.932,50.7,52,46877745
2018-10-22,52.136,52.372,50.518,52.19,28001300
2018-10-23,52.774,59.586,52.42,58.828,95138765
2018-10-24,60.21,60.888,57.146,57.7,100291290
2018-10-25,63.444,64.2,60.202,62.972,104203620
2018-10-26,61.65,67.98,61.33,66.18,137127600
2018-10-29,67.494,69.432,65.3,66.97,72430135
2018-10-30,65.678,67.58,64.452,65.98,45633520
2018-10-31,66.508,68.4,65.82,67.464,38121740
2018-11-01,67.652,69.568,66.945,68.856,40000660
2018-11-02,68.748,69.84,68.182,69.282,39039855
2018-11-05,68.1,68.791,66.028,68.28,39155240
2018-11-06,67.814,69.76,67.218,68.212,33814445
2018-11-07,68.668,70.236,68.16,69.632,36872610
2018-11-08,69.7,71.515,69.688,70.28,35453370
2018-11-09,69.8,70.8,69.046,70.102,25494230
2018-11-12,69.674,69.956,66.068,66.256,34707615
2018-11-13,66.632,68.94,66.44,67.746,27242985
2018-11-14,68.54,69.422,67.43,68.8,25201435
2018-11-15,68.466,69.716,67.808,69.688,23128595
2018-11-16,69.038,71.14,69.024,70.862,36030955
2018-11-19,71.268,73.35,70.576,70.694,48544355
2018-11-20,68.35,69.96,66.71,69.498,40023545
2018-11-21,70.4,70.62,67.48,67.638,23434040
2018-11-23,66.869,67.5,65.11,65.166,21013210
2018-11-26,65,69.244,65,69.2,39960705
2018-11-27,68.01,69.392,67.1,68.784,31791500
2018-11-28,69.198,69.656,68.442,69.574,20637890
2018-11-29,69.4,69.5,67.91,68.234,15403620
2018-11-30,68.366,70.32,67.653,70.096,28144475
2018-12-03,72,73.2,70.4,71.698,41532555
2018-12-04,71.21,73.736,70.4,71.94,42309725
2018-12-06,71.202,73.476,70.152,72.612,39212540
2018-12-07,73.8,75.898,71.53,71.593,57555885
2018-12-10,72,73.196,70.624,73.03,33067275
2018-12-11,73.982,74.434,72.046,73.352,31543845
2018-12-12,73.884,74.382,73.032,73.32,25135240
2018-12-13,74.03,75.488,73.35,75.358,36829270
2018-12-14,75,75.574,72.866,73.142,31687775
2018-12-17,72.4,73.14,68.776,69.684,38370040
2018-12-18,70.108,70.31,66.738,67.406,35499995
2018-12-19,67.52,69.402,65.948,66.594,41370905
2018-12-20,65.411,66.058,62.374,63.076,45359290
2018-12-21,63.48,64.694,62.488,63.954,40084005
2018-12-24,62.7,62.9,59.039,59.078,27799565
2018-12-26,60,65.394,58.818,65.218,40815690
2018-12-27,63.968,64.434,60.3,63.226,42875665
2018-12-28,64.62,67.248,63.682,66.774,49694960
2018-12-31,67.558,67.842,65.052,66.56,31511690
2019-01-02,61.22,63.026,59.76,62.024,58293240
2019-01-03,61.4,61.88,59.476,60.072,34825920
2019-01-04,61.2,63.6,60.546,63.538,36970580
2019-01-07,64.344,67.348,63.55,66.992,37756125
2019-01-08,68.392,68.802,65.404,67.07,35042580
2019-01-09,67.1,68.701,66.294,67.706,27164725
2019-01-10,66.88,69.078,66.358,68.994,30281770
2019-01-11,68.418,69.682,67.754,69.452,25195260
2019-01-14,68.476,68.5,66.8,66.88,26236420
2019-01-15,67,69.76,66.9,68.886,30282950
2019-01-16,68.956,70.4,68.7,69.21,23458695
2019-01-17,69.242,70.3,68.83,69.462,18383665
2019-01-18,64.6,65.426,59.946,60.452,120753815
2019-01-22,60.964,61.6,59.1,59.784,60333705
2019-01-23,58.5,58.9,56.338,57.518,62649965
2019-01-24,56.606,58.736,55.857,58.302,40060775
2019-01-25,58.878,59.704,57.91,59.408,36290390
2019-01-28,58.582,59.492,57.55,59.276,32116395
2019-01-29,59.054,59.711,58.36,59.492,23108460
2019-01-30,60.09,61.8,59.698,61.754,56251590
2019-01-31,60.2,62.313,58.8,61.404,62846225
2019-02-01,61.084,63.22,60.7,62.442,36417205
2019-02-04,62.596,63.06,60.376,62.578,36760410
2019-02-05,62.498,64.488,62.45,64.27,33713825
2019-02-06,63.918,64.848,63.125,63.444,25192730
2019-02-07,62.66,62.94,60.6,61.502,32603055
2019-02-08,61.366,61.489,59.7,61.16,29221060
2019-02-11,62.32,63.72,62.1,62.568,35648565
2019-02-12,63.24,63.638,61.924,62.362,27587850
2019-02-13,62.47,62.55,61.114,61.634,25708085
2019-02-14,60.676,61.354,60.2,60.754,26004160
2019-02-15,60.9,61.6,60.78,61.576,19524735
2019-02-19,61.312,62.309,61.094,61.128,20842215
2019-02-20,60.882,61.26,59.8,60.512,35710585
2019-02-21,60.362,60.648,58.1,58.246,44545910
2019-02-22,58.898,59.3,58.42,58.942,28702790
2019-02-25,59.582,60.581,59.4,59.754,33132610
2019-02-26,58.444,60.402,57.754,59.572,42912675
2019-02-27,60.356,63.259,60.11,62.948,55919540
2019-02-28,63.784,64,62.162,63.976,52603265
2019-03-01,61.388,61.426,58.38,58.958,114556875
2019-03-04,59.624,59.8,56.556,57.072,85484090
2019-03-05,56.4,56.8,54.02,55.308,93823700
2019-03-06,55.296,56.301,54.878,55.248,51677425
2019-03-07,55.768,56.94,54.85,55.318,47212415
2019-03-08,55.382,57.118,55.178,56.828,44098125
2019-03-11,56.704,58.256,56.1,58.184,36961390
2019-03-12,57.298,57.614,56.212,56.672,37520685
2019-03-13,56.78,58.398,56.54,57.792,34223595
2019-03-14,58.49,59.078,57.658,57.992,35517235
2019-03-15,56.702,56.745,54.88,55.086,73927655
2019-03-18,55.2,55.61,53.46,53.898,51404900
2019-03-19,53.5,54.66,52.692,53.494,59003150
2019-03-20,53.938,54.994,53.26,54.72,34541120
2019-03-21,54.52,55.29,53.69,54.804,29735490
2019-03-22,54.516,54.56,52.8,52.906,43728045
2019-03-25,51.942,52.636,50.892,52.084,51075145
2019-03-26,52.888,54.052,52.886,53.554,36754740
2019-03-27,53.75,55.074,53.637,54.966,43895830
2019-03-28,55.432,56.066,55.02,55.724,33870465
2019-03-29,55.74,56.032,54.9,55.972,29956690
2019-04-01,56.524,57.84,56.256,57.836,40552195
2019-04-02,57.66,57.888,56.776,57.176,27394700
2019-04-03,57.464,59.234,57.434,58.362,39649320
2019-04-04,52.378,54.24,52.118,53.556,118603645
2019-04-05,53.972,55.22,53.222,54.992,65191285
2019-04-08,55.538,56.232,54.088,54.64,52052180
2019-04-09,54.33,55,53.922,54.462,29520155
2019-04-10,55.348,55.676,54.579,55.212,35306570
2019-04-11,53.66,54.1,53.12,53.684,49179635
2019-04-12,54.044,54.39,53.366,53.54,33729870
2019-04-15,53.726,53.776,51.726,53.276,50192895
2019-04-16,53.15,55,52.944,54.672,36364650
2019-04-17,54.95,54.958,53.707,54.246,25632340
2019-04-18,54.246,54.968,53.95,54.652,29381625
2019-04-22,53.8,53.936,52.496,52.55,60735705
2019-04-23,52.03,53.12,51.15,52.78,54719295
2019-04-24,52.77,53.064,51.6,51.732,53637270
2019-04-25,51,51.8,49.214,49.514,109246965
2019-04-26,49.3,49.336,46.226,47.028,111803545
2019-04-29,47.172,48.796,46.434,48.294,83572380
2019-04-30,48.412,48.842,47.4,47.738,47323140
2019-05-01,47.77,48,46.3,46.802,53521770
2019-05-02,49.104,49.426,47.544,48.82,90796695
2019-05-03,48.772,51.322,48.698,51.006,118533855
2019-05-06,50.004,51.67,49.7,51.068,54169715
2019-05-07,51.36,51.442,49.02,49.412,50657040
2019-05-08,49.388,50.12,48.84,48.968,30882200
2019-05-09,48.4,48.736,47.389,48.396,33556910
2019-05-10,47.95,48.398,47.204,47.904,35041680
2019-05-13,46.402,46.494,44.9,45.402,54173980
2019-05-14,45.86,46.9,45.6,46.462,36262060
2019-05-15,45.864,46.488,45.05,46.39,36479880
2019-05-16,45.898,46.2,45.3,45.666,37416365
2019-05-17,44.392,44.448,41.784,42.206,88933330
2019-05-20,40.56,41.2,39.05,41.072,102630975
2019-05-21,39.552,41.48,39.208,41.016,90019495
2019-05-22,39.82,40.788,38.356,38.546,93425935
2019-05-23,38.868,39.893,37.244,39.098,132735710
2019-05-24,39.966,39.996,37.75,38.126,70682860
2019-05-28,38.24,39,37.57,37.74,51564505
2019-05-29,37.42,38.478,37.008,37.972,59843190
2019-05-30,37.75,38.451,37.404,37.644,39632375
2019-05-31,37.02,37.984,36.82,37.032,52033660
2019-06-03,37.102,37.336,35.398,35.794,65322050
2019-06-04,36.22,38.796,35.922,38.72,69037610
2019-06-05,39.736,40.256,38.37,39.318,67553780
2019-06-06,40.888,42.2,40.36,41.19,101210755
2019-06-07,41,42.169,40.7,40.9,80017635
2019-06-10,42.05,43.388,41.802,42.576,52925195
2019-06-11,43.829,44.18,42.7,43.42,58267685
2019-06-12,44.59,44.676,41.8,41.852,75987720
2019-06-13,42.076,42.98,41.502,42.782,40841300
2019-06-14,42.25,43.33,42.08,42.984,37167010
2019-06-17,43.096,45.4,42.854,45.006,61584015
2019-06-18,45.744,46.948,44.512,44.948,63578940
2019-06-19,45.022,45.554,44.212,45.286,32875675
2019-06-20,44.6,45.38,43.27,43.924,59317310
2019-06-21,43.244,44.436,43.1,44.372,41010390
2019-06-24,44.648,45.172,44.204,44.728,28753855
2019-06-25,44.878,45.068,43.898,43.952,30910355
2019-06-26,44.062,45.446,43.62,43.854,42536040
2019-06-27,43.89,44.58,43.47,44.568,31698550
2019-06-28,44.198,45.034,44.16,44.692,34256920
2019-07-01,46.042,46.62,45.256,45.434,41189820
2019-07-02,45.778,45.83,44.444,44.91,46295135
2019-07-03,47.878,48.314,46.902,46.98,71005740
2019-07-05,46.914,47.09,46.16,46.62,35328690
2019-07-08,46.248,46.45,45.732,46.068,29402710
2019-07-09,45.794,46.2,45.456,46.012,30954175
2019-07-10,46.83,47.788,46.628,47.784,45728680
2019-07-11,47.628,48.3,47.16,47.72,37572150
2019-07-12,47.95,49.076,47.942,49.016,46002605
2019-07-15,49.6,50.884,48.972,50.7,55000460
2019-07-16,49.86,50.706,49.587,50.476,40744945
2019-07-17,51.134,51.662,50.67,50.972,48823635
2019-07-18,50.708,51.15,50.377,50.708,23822415
2019-07-19,51.138,51.992,50.924,51.636,35242050
2019-07-22,51.75,52.431,50.838,51.136,34231365
2019-07-23,51.342,52.096,50.9,52.034,25115605
2019-07-24,51.834,53.214,51.632,52.976,55364175
2019-07-25,46.7,46.9,45.11,45.764,112091260
2019-07-26,45.384,46.052,44.45,45.608,50138485
2019-07-29,45.418,47.188,45.207,47.154,46366655
2019-07-30,46.58,48.672,46.436,48.452,40545070
2019-07-31,48.6,49.336,47.33,48.322,45891040
2019-08-01,48.53,48.902,46.354,46.77,41297580
2019-08-02,46.27,47.254,45.846,46.868,30682405
2019-08-05,45.92,46.273,45.155,45.664,35141395
2019-08-06,46.376,46.5,45.15,46.15,27821000
2019-08-07,45.3,46.714,45.16,46.684,23882500
2019-08-08,46.89,47.96,46.53,47.66,26371745
2019-08-09,47.211,47.792,46.762,47.002,19491220
2019-08-12,46.598,47.154,45.75,45.802,23319685
2019-08-13,45.762,47.2,45.51,47,24344990
2019-08-14,46.242,46.3,43.338,43.924,47812955
2019-08-15,44.172,44.312,42.31,43.128,41159760
2019-08-16,43.332,44.448,43.204,43.988,26036880
2019-08-19,44.842,45.566,44.34,45.366,26558740
2019-08-20,45.524,45.818,44.908,45.172,20852635
2019-08-21,44.402,44.644,43.52,44.166,38998720
2019-08-22,44.56,45.08,43.644,44.43,32824820
2019-08-23,43.994,44.234,42.2,42.28,42798520
2019-08-26,42.72,43.004,42.308,43,25272070
2019-08-27,43.148,43.76,42.406,42.816,27103635
2019-08-28,42.738,43.45,42.462,43.118,16193125
2019-08-29,43.8,44.68,43.6,44.342,25915520
2019-08-30,45.83,46.488,44.843,45.122,46638875
2019-09-03,44.816,45.79,44.632,45.002,26802730
2019-09-04,45.378,45.692,43.841,44.136,28843480
2019-09-05,44.5,45.96,44.17,45.916,37016610
2019-09-06,45.44,45.928,45.034,45.49,20946860
2019-09-09,45.932,46.752,45.846,46.358,24013345
2019-09-10,46.16,47.108,45.788,47.108,24418570
2019-09-11,47.476,49.635,47.2,49.42,50213885
2019-09-12,49.54,50.7,48.88,49.174,42906050
2019-09-13,49.392,49.69,48.973,49.04,26565725
2019-09-16,49.2,49.486,48.234,48.562,23640480
2019-09-17,48.494,49.12,48.074,48.958,19734545
2019-09-18,49,49.634,48.474,48.698,21140515
2019-09-19,49.2,49.588,48.968,49.32,24415675
2019-09-20,49.298,49.389,47.632,48.124,32531320
2019-09-23,48,49.036,47.844,48.246,21958150
2019-09-24,48.304,48.398,44.522,44.642,64705560
2019-09-25,44.912,45.796,43.672,45.74,47221430
2019-09-26,46.132,48.662,45.48,48.512,60393925
2019-09-27,48.44,49.742,47.746,48.426,55615895
2019-09-30,48.6,48.796,47.222,48.174,29730805
2019-10-01,48.3,49.19,47.826,48.938,30981450
2019-10-02,48.658,48.93,47.886,48.626,31282740
2019-10-03,46.372,46.896,44.856,46.606,75688815
2019-10-04,46.322,46.956,45.614,46.286,40105900
2019-10-07,45.96,47.712,45.71,47.544,40434785
2019-10-08,47.174,48.788,46.9,48.01,43511690
2019-10-09,48.264,49.459,48.13,48.906,34675165
2019-10-10,49.056,49.856,48.316,48.948,31567085
2019-10-11,49.43,50.216,49.362,49.578,42440795
2019-10-14,49.58,51.71,49.426,51.392,51134315
2019-10-15,51.54,52,50.824,51.578,32397280
2019-10-16,51.478,52.42,51.384,51.95,33521515
2019-10-17,52.5,52.956,52.034,52.394,23895215
2019-10-18,52.14,52.56,51.02,51.39,28768330
2019-10-21,51.666,51.9,50.036,50.7,25540505
2019-10-22,50.868,51.666,50.17,51.116,23125475
2019-10-23,50.9,51.228,50.27,50.936,56080910
2019-10-24,59.674,60.986,57.84,59.936,149096155
2019-10-25,59.544,66,59.222,65.626,150030455
2019-10-28,65.508,68.168,64.52,65.542,94351430
2019-10-29,63.998,64.86,62.95,63.244,63421335
2019-10-30,62.6,63.758,61.994,63.002,48209050
2019-10-31,62.62,63.8,62.6,62.984,25334780
2019-11-01,63.264,63.296,61.96,62.662,31919645
2019-11-04,62.96,64.388,61.852,63.494,43935200
2019-11-05,63.924,64.702,63.224,63.444,34717085
2019-11-06,63.6,65.344,62.9,65.316,39704660
2019-11-07,65.828,68.3,65.604,67.108,72336740
2019-11-08,66.9,67.492,66.5,67.428,30371105
2019-11-11,68.79,69.838,68.4,69.018,49968445
2019-11-12,69.38,70.074,68.808,69.986,36796915
2019-11-13,71,71.266,69.036,69.222,42339315
2019-11-14,69.222,70.768,68.582,69.87,32358515
2019-11-15,70.128,70.56,69.672,70.434,24062815
2019-11-18,70.583,70.63,69.22,69.998,22042525
2019-11-19,70.35,71.998,69.56,71.904,38680390
2019-11-20,72,72.24,69.914,70.444,33669825
2019-11-21,70.902,72.168,70.801,70.966,30550065
2019-11-22,68.032,68.2,66,66.608,84353210
2019-11-25,68.864,68.914,66.892,67.268,61728825
2019-11-26,67.054,67.1,65.42,65.784,39781195
2019-11-27,66.224,66.786,65.714,66.21,27764040
2019-11-29,66.222,66.252,65.5,65.988,12328145
2019-12-02,65.88,67.277,65.737,66.974,30409930
2019-12-03,66.524,67.582,66.437,67.24,33067380
2019-12-04,67.55,67.572,66.57,66.606,27681275
2019-12-05,66.566,66.885,65.45,66.074,18684880
2019-12-06,67,67.772,66.954,67.178,38094685
2019-12-09,67.318,68.89,67.016,67.906,45201085
2019-12-10,67.992,70.146,67.862,69.768,44199755
2019-12-11,70.375,71.438,70.218,70.54,34595810
2019-12-12,70.984,72.548,70.646,71.936,38881055
2019-12-13,72.21,73.042,70.928,71.678,32871405
2019-12-16,72.51,76.722,72.5,76.3,91104700
2019-12-17,75.798,77.1,75.18,75.798,42518875
2019-12-18,76.126,79.044,76.116,78.63,70681960
2019-12-19,79.464,81.37,79.3,80.808,90601535
2019-12-20,82.058,82.6,80.037,81.118,73926030
2019-12-23,82.356,84.402,82,83.844,66664105
2019-12-24,83.672,85.094,82.538,85.05,40273600
2019-12-26,85.582,86.696,85.27,86.188,53241445
2019-12-27,87,87.062,85.222,86.076,49784135
2019-12-30,85.758,85.8,81.852,82.94,63006325
2019-12-31,81,84.258,80.416,83.666,51462280
2020-01-02,84.9,86.139,84.342,86.052,47791930
2020-01-03,88.1,90.8,87.384,88.602,88973485
2020-01-06,88.094,90.312,88,90.308,50787495
2020-01-07,92.28,94.326,90.671,93.812,91045690
2020-01-08,94.74,99.7,93.646,98.428,155996965
2020-01-09,99.42,99.76,94.574,96.268,142315930
2020-01-10,96.358,96.988,94.74,95.63,64884160
2020-01-13,98.7,105.13,98.4,104.97,133172735
2020-01-14,108.85,109.48,104.98,107.58,145306885
2020-01-15,105.95,107.57,103.36,103.7,86844155
2020-01-16,98.75,102.89,98.434,102.7,108683265
2020-01-17,101.52,103.13,100.63,102.1,68145365
2020-01-21,106.05,109.72,105.68,109.44,89017355
2020-01-22,114.38,118.9,111.82,113.91,156845140
2020-01-23,112.85,116.4,111.12,114.44,98255210
2020-01-24,114.13,114.77,110.85,112.96,71768000
2020-01-27,108.4,112.89,107.86,111.6,68040340
2020-01-28,113.7,115.36,111.62,113.38,58942465
2020-01-29,115.14,117.96,113.49,116.2,91083360
2020-01-30,126.48,130.18,123.6,128.16,145028380
2020-01-31,128,130.6,126.5,130.11,78596330
2020-02-03,134.74,157.23,134.7,156,236167475
2020-02-04,176.59,193.8,166.78,177.41,304693790
2020-02-05,164.65,169.2,140.82,146.94,242119185
2020-02-06,139.98,159.17,137.4,149.79,199403760
2020-02-07,146.11,153.95,146,149.61,85317605
2020-02-10,160,164,150.48,154.26,123445815
2020-02-11,153.76,156.7,151.6,154.88,58487365
2020-02-12,155.57,157.95,152.67,153.46,60112350
2020-02-13,148.37,163.6,147,160.8,131446740
2020-02-14,157.44,162.59,157.1,160.01,78468555
2020-02-18,168.32,172,166.47,171.68,83491845
2020-02-19,184.7,188.96,180.2,183.48,127114790
2020-02-20,182.39,182.4,171.99,179.88,88174465
2020-02-21,181.4,182.61,176.09,180.2,71697230
2020-02-24,167.8,172.7,164.44,166.76,75960815
2020-02-25,169.8,171.32,157.4,159.98,86452405
2020-02-26,156.5,162.66,155.22,155.76,70769215
2020-02-27,146,147.95,133.8,135.8,121385800
2020-02-28,125.94,138.1,122.3,133.6,122820855
2020-03-02,142.25,148.74,137.33,148.72,100974955
2020-03-03,161,161.4,143.22,149.1,128920015
2020-03-04,152.79,153.3,144.95,149.9,75244885
2020-03-05,144.75,149.15,143.61,144.91,54263285
2020-03-06,138,141.4,136.85,140.7,63314590
2020-03-09,121.08,132.6,121,121.6,85368700
2020-03-10,131.89,133.6,121.6,129.07,77972215
2020-03-11,128.04,130.72,122.6,126.85,67067935
2020-03-12,116.18,118.9,109.25,112.11,94545260
2020-03-13,119,121.51,100.4,109.32,113201270
2020-03-16,93.9,98.974,88.434,89.014,102447320
2020-03-17,88.002,94.37,79.2,86.04,119972900
2020-03-18,77.8,80.972,70.102,72.244,118930810
2020-03-19,74.939,90.4,71.692,85.528,150977300
2020-03-20,87.64,95.4,85.158,85.506,141427510
2020-03-23,86.72,88.4,82.1,86.858,82272745
2020-03-24,95.46,102.74,94.8,101,114475850
2020-03-25,109.05,111.4,102.22,107.85,106113725
2020-03-26,109.48,112,102.45,105.63,87110410
2020-03-27,101,105.16,98.806,102.87,71887040
2020-03-30,102.05,103.33,98.246,100.43,59990335
2020-03-31,100.25,108.59,99.4,104.8,88857425
2020-04-01,100.8,102.79,95.02,96.312,66765900
2020-04-02,96.206,98.852,89.28,90.894,99292135
2020-04-03,101.9,103.1,93.678,96.002,112810380
2020-04-06,102.24,104.2,99.59,103.25,74509180
2020-04-07,109,113,106.47,109.09,89598920
2020-04-08,110.84,111.44,106.67,109.77,63280120
2020-04-09,112.42,115.04,111.42,114.6,68250000
2020-04-13,118.03,130.4,116.11,130.19,112377105
2020-04-14,139.79,148.38,138.49,141.98,152882555
2020-04-15,148.4,150.63,142,145.97,117885005
2020-04-16,143.39,151.89,141.34,149.04,103289310
2020-04-17,154.46,154.99,149.53,150.78,65641185
2020-04-20,146.54,153.11,142.44,149.27,73732885
2020-04-21,146.02,150.67,134.76,137.34,101045465
2020-04-22,140.8,146.8,137.74,146.42,71124155
2020-04-23,145.52,146.8,140.63,141.13,66183485
2020-04-24,142.16,146.15,139.64,145.03,66188060
2020-04-27,147.52,159.9,147,159.75,103407210
2020-04-28,159.13,161,151.34,153.82,76109820
2020-04-29,158.03,160.64,156.63,160.1,81079910
2020-04-30,171.04,173.96,152.7,156.38,142359270
2020-05-01,151,154.55,136.61,140.26,162659035
2020-05-04,140.2,152.4,139.6,152.24,96185450
2020-05-05,157.96,159.78,152.44,153.64,84958280
2020-05-06,155.3,157.96,152.22,156.52,55616155
2020-05-07,155.44,159.28,154.47,156.01,57638430
2020-05-08,158.75,164.8,157.4,163.88,80650435
2020-05-11,158.1,164.8,157,162.26,82598005
2020-05-12,165.4,168.66,161.6,161.88,79534525
2020-05-13,164.17,165.2,152.66,158.19,95327455
2020-05-14,156,160.67,152.8,160.67,68410940
2020-05-15,158.07,161.01,157.31,159.83,52592140
2020-05-18,165.56,166.94,160.78,162.73,58490510
2020-05-19,163.03,164.41,161.22,161.6,48182610
2020-05-20,164.1,165.2,162.36,163.11,36546355
2020-05-21,163.2,166.5,159.2,165.52,61272920
2020-05-22,164.43,166.36,162.4,163.38,49937375
2020-05-26,166.9,166.92,163.14,163.77,40448680
2020-05-27,164.17,165.54,157,164.05,57747650
2020-05-28,162.7,164.95,160.34,161.16,36378870
2020-05-29,161.75,167,160.84,167,59062445
2020-06-01,171.6,179.8,170.82,179.62,75426485
2020-06-02,178.94,181.73,174.2,176.31,67827980
2020-06-03,177.62,179.59,176.02,176.59,39747345
2020-06-04,177.98,179.15,171.69,172.88,44438565
2020-06-05,175.57,177.3,173.24,177.13,39059585
2020-06-08,183.8,190,181.83,189.98,70873635
2020-06-09,188,190.89,184.79,188.13,56940770
2020-06-10,198.38,205.5,196.5,205.01,92817065
2020-06-11,198.04,203.79,194.4,194.57,79582410
2020-06-12,196,197.6,182.52,187.06,83816870
2020-06-15,183.56,199.77,181.7,198.18,78485890
2020-06-16,202.37,202.58,192.48,196.43,70255390
2020-06-17,197.54,201,196.51,198.36,49454000
2020-06-18,200.6,203.84,198.89,200.79,48759680
2020-06-19,202.56,203.19,198.27,200.18,43398745
2020-06-22,199.99,201.78,198,198.86,31811750
2020-06-23,199.78,202.4,198.8,200.36,31826355
2020-06-24,198.82,200.18,190.63,192.17,54797965
2020-06-25,190.85,197.2,187.43,197.2,46272745
2020-06-26,198.96,199,190.97,191.95,44274540
2020-06-29,193.8,202,189.7,201.87,45132020
2020-06-30,201.3,217.54,200.75,215.96,84592505
2020-07-01,216.6,227.07,216.1,223.93,66634480
2020-07-02,244.3,245.6,237.12,241.73,86250575
2020-07-06,255.34,275.56,253.21,274.32,102849320
2020-07-07,281,285.9,267.34,277.97,107448305
2020-07-08,281,283.45,262.27,273.18,81556560
2020-07-09,279.4,281.71,270.26,278.86,58587990
2020-07-10,279.2,309.78,275.2,308.93,116687765
2020-07-13,331.8,359,294.22,299.41,194926810
2020-07-14,311.2,318,286.2,303.36,117090700
2020-07-15,308.6,310,291.4,309.2,81839145
2020-07-16,295.43,306.34,293.2,300.13,71503925
2020-07-17,302.69,307.5,298,300.17,46649860
2020-07-20,303.8,330,297.6,328.6,85606835
2020-07-21,327.99,335,311.6,313.67,80786400
2020-07-22,319.8,325.28,312.4,318.47,70805400
2020-07-23,335.79,337.8,296.15,302.61,121642520
2020-07-24,283.2,293,273.31,283.4,96983080
2020-07-27,287,309.59,282.6,307.92,80243345
2020-07-28,300.8,312.94,294.88,295.3,79043500
2020-07-29,300.2,306.96,297.4,299.82,47134465
2020-07-30,297.6,302.65,294.2,297.5,38105195
2020-07-31,303,303.41,284.2,286.15,61234800
2020-08-03,289.84,301.96,288.88,297,44046730
2020-08-04,299,305.48,292.4,297.4,42074950
2020-08-05,298.6,299.97,293.66,297,24890075
2020-08-06,298.17,303.46,295.45,297.92,29961565
2020-08-07,299.91,299.95,283,290.54,44482100
2020-08-10,289.6,291.5,277.17,283.71,37611320
2020-08-11,279.2,284,273,274.88,43129170
2020-08-12,294,317,287,310.95,109494170
2020-08-13,322.2,330.24,313.45,324.2,102126540
2020-08-14,333,333.76,325.33,330.14,62888070
2020-08-17,335.4,369.17,334.57,367.13,101211615
2020-08-18,379.8,384.78,369.02,377.42,82372455
2020-08-19,373,382.2,368.24,375.71,61026655
2020-08-20,372.14,404.4,371.41,400.37,103058980
2020-08-21,408.95,419.1,405.01,410,107447795
2020-08-24,425.26,425.8,385.5,402.84,100318105
2020-08-25,394.98,405.59,393.6,404.67,53294465
2020-08-26,412,433.2,410.73,430.63,71196910
2020-08-27,436.09,459.12,428.5,447.75,118465215
2020-08-28,459.02,463.7,437.3,442.68,100405880
2020-08-31,444.61,500.14,440.11,498.32,118374406
2020-09-01,502.14,502.49,470.51,475.05,90119419
2020-09-02,478.99,479.04,405.1206,447.37,96176128
2020-09-03,407.23,431.8,402,407,87596086
2020-09-04,402.81,428,372.0201,418.32,110321885
2020-09-08,356,368.74,329.88,330.21,115465691
2020-09-09,356.6,369,341.51,366.28,79465769
2020-09-10,386.21,398.99,360.56,371.34,84930608
2020-09-11,381.94,382.5,360.5,372.72,60717459
2020-09-14,380.95,420,373.3,419.62,83020608
2020-09-15,436.56,461.94,430.7,449.76,97298228
2020-09-16,439.87,457.79,435.31,441.76,72546760
2020-09-17,415.6,437.79,408.0001,423.43,76779163
2020-09-18,447.94,451,428.8,442.15,86406819
2020-09-21,453.13,455.68,407.07,449.39,109476800
2020-09-22,429.6,437.76,417.6001,424.23,79580795
2020-09-23,405.16,412.15,375.8801,380.36,95074176
2020-09-24,363.8,399.5,351.3,387.79,96561061
2020-09-25,393.47,408.7323,391.3,407.34,67208459
2020-09-28,424.62,428.08,415.55,421.2,49719561
2020-09-29,416,428.5,411.6,419.07,50341404
2020-09-30,421.32,433.93,420.47,429.01,48145566
2020-10-01,440.76,448.88,434.42,448.16,50741454
2020-10-02,421.39,439.13,415,415.09,71430025
2020-10-05,423.35,433.64,419.33,425.68,44722786
2020-10-06,423.79,428.7799,406.05,413.98,49146259
2020-10-07,419.87,429.9,413.845,425.3,43127709
2020-10-08,438.44,439,425.3,425.92,40421116
2020-10-09,430.13,434.5899,426.4601,434,28925656
2020-10-12,442,448.74,438.58,442.3,38791133
2020-10-13,443.35,448.89,436.6,446.65,34463665
2020-10-14,449.78,465.9,447.35,461.3,48045394
2020-10-15,450.31,456.57,442.5,448.88,35672354
2020-10-16,454.44,455.9499,438.85,439.67,32775879
2020-10-19,446.24,447,428.87,430.83,36287843
2020-10-20,431.75,431.75,419.0501,421.94,31656289
2020-10-21,422.7,432.95,421.25,422.64,32370461
2020-10-22,441.92,445.23,424.51,425.79,39993191
2020-10-23,421.84,422.8859,407.3801,420.63,33716980
2020-10-26,411.63,425.76,410,420.28,28239161
2020-10-27,423.76,430.5,420.1,424.68,22686506
2020-10-28,416.48,418.6,406,406.02,25451409
2020-10-29,409.96,418.06,406.46,410.83,22655308
2020-10-30,406.8954,407.5915,379.11,388.04,42587639
2020-11-02,394,406.9799,392.3,400.51,29021118
2020-11-03,409.73,427.77,406.69,423.9,34351715
2020-11-04,430.62,435.4,417.1,420.98,32143057
2020-11-05,428.3,440,424.0001,438.09,28414523
2020-11-06,436.1,436.57,424.28,429.95,21706014
2020-11-09,439.5,452.5,421,421.26,34833025
2020-11-10,420.09,420.09,396.0301,410.36,30284224
2020-11-11,416.45,418.695,410.58,417.13,17357722
2020-11-12,415.05,423,409.52,411.76,19940500
2020-11-13,410.85,412.5319,401.66,408.5,19830351
2020-11-16,408.93,412.45,404.0868,408.09,26838635
2020-11-17,460.17,462,433.01,441.61,61188281
2020-11-18,448.35,496,443.5001,486.64,78044024
2020-11-19,492,508.6112,487.57,499.27,62475346
2020-11-20,497.99,502.5,489.06,489.61,32911922
2020-11-23,503.5,526,501.79,521.85,50260304
2020-11-24,540.4,559.99,526.2,555.38,53648494
2020-11-25,550.06,574,545.37,574,48930162
2020-11-27,581.16,598.78,578.45,585.76,37561078
2020-11-30,602.21,607.8,554.51,567.6,63003052
2020-12-01,597.59,597.85,572.05,584.76,40382832
2020-12-02,556.44,571.54,541.21,568.82,47775653
2020-12-03,590.02,598.97,582.43,593.38,42552003
2020-12-04,591.01,599.04,585.5,599.04,29401314
2020-12-07,604.9197,648.7856,603.05,641.76,55988303
2020-12-08,625.505,651.28,618.5,649.88,63976555
2020-12-09,653.69,654.32,588,604.48,71009195
2020-12-10,574.37,627.75,566.34,627.07,67083153
2020-12-11,615.01,624,596.8,609.99,46474974
2020-12-14,619,642.7499,610.2001,639.83,52040649
2020-12-15,643.28,646.9,623.8,633.25,45223559
2020-12-16,628.23,632.5,605,622.77,42095813
